{
  "CC (pretrained, connectome-constrained)": {
    "von_mises": {
      "n_networks": 50,
      "ensemble_mean_r": -0.4094143404488232,
      "perm_p_two_sided": 0.04709529047095291,
      "perm_p_one_sided": 0.022897710228977103,
      "ensemble_significant": true,
      "per_network_mean": -0.16757525998905312,
      "per_network_pct_negative": 78.0,
      "per_network_binom_p": 9.021490107130603e-05,
      "per_network_sign_significant": true,
      "ensemble_vs_per_network_gap": 0.24183908045977007,
      "ensemble_vs_per_network_diverges": false,
      "per_network_r": [
        -0.3415435139573071,
        -0.42036124794745483,
        -0.2889983579638752,
        -0.36179529282977557,
        -0.3880678708264915,
        0.03667214012041598,
        -0.19594964422550626,
        -0.307608100711549,
        -0.05582922824302135,
        -0.31253420908593316,
        -0.2671045429666119,
        -0.07881773399014778,
        -0.4904214559386973,
        0.039956212370005476,
        -0.348111658456486,
        -0.14395183360700603,
        -0.10180623973727422,
        -0.4395183360700602,
        -0.37383689107827034,
        -0.3957307060755336,
        -0.6880131362889983,
        0.2517788724685276,
        -0.03338806787082649,
        0.0038314176245210726,
        0.034482758620689655,
        -0.11439518336070059,
        -0.15489874110563767,
        -0.5155993431855501,
        -0.44937055281882865,
        -0.04050355774493705,
        -0.22167487684729065,
        -0.47454844006568137,
        0.18171866447728516,
        0.46798029556650245,
        -0.20580186097427478,
        -0.008210180623973728,
        -0.3475643130815544,
        -0.15873015873015872,
        -0.0016420361247947454,
        -0.10071154898741107,
        0.2961138478379857,
        -0.4548440065681445,
        -0.4455391351943076,
        -0.20634920634920634,
        0.49425287356321834,
        0.1893814997263273,
        -0.4789272030651341,
        0.4926108374384236,
        -0.20525451559934318,
        -0.24958949096880134
      ]
    },
    "raw": {
      "n_networks": 50,
      "ensemble_mean_r": -0.19704433497536944,
      "perm_p_two_sided": 0.2508749125087491,
      "perm_p_one_sided": 0.12488751124887511,
      "ensemble_significant": false,
      "per_network_mean": -0.022068965517241378,
      "per_network_pct_negative": 56.0,
      "per_network_binom_p": 0.47988766169832786,
      "per_network_sign_significant": false,
      "ensemble_vs_per_network_gap": 0.17497536945812805,
      "ensemble_vs_per_network_diverges": false,
      "per_network_r": [
        -0.2660098522167488,
        -0.19102353585112206,
        -0.2380952380952381,
        -0.03393541324575808,
        -0.13902572523262177,
        0.12479474548440067,
        -0.022441160372194853,
        0.05363984674329502,
        0.30596606458675424,
        -0.2380952380952381,
        0.1510673234811166,
        -0.043787629994526546,
        -0.36398467432950193,
        -0.01860974274767378,
        -0.027914614121510674,
        0.21893814997263272,
        -0.07006020799124248,
        -0.2884510125889437,
        -0.10837438423645321,
        -0.18117131910235357,
        -0.3262178434592227,
        0.15489874110563767,
        -0.07717569786535304,
        0.17733990147783252,
        0.30706075533661736,
        0.01532567049808429,
        -0.32074438970990693,
        -0.16639299397920088,
        -0.1899288451012589,
        -0.22112753147235906,
        -0.19430760810071154,
        -0.14614121510673234,
        0.35577449370552816,
        0.3278598795840175,
        0.1412151067323481,
        0.17077175697865354,
        -0.4033935413245758,
        -0.09031198686371099,
        0.20142309797482214,
        0.13793103448275862,
        0.11494252873563218,
        0.054187192118226604,
        -0.27367268746579093,
        0.11220580186097427,
        0.2222222222222222,
        0.12698412698412698,
        -0.07279693486590037,
        0.12205801860974276,
        -0.10946907498631636,
        0.12260536398467432
      ]
    }
  },
  "weight-shuffled random (stability-constrained)": {
    "von_mises": {
      "n_networks": 50,
      "ensemble_mean_r": -0.5752599890530925,
      "perm_p_two_sided": 0.0160983901609839,
      "perm_p_one_sided": 0.009299070092990702,
      "ensemble_significant": true,
      "per_network_mean": 0.0281944891136057,
      "per_network_pct_negative": 54.0,
      "per_network_binom_p": 0.6718110337653656,
      "per_network_sign_significant": false,
      "ensemble_vs_per_network_gap": 0.6034544781666982,
      "ensemble_vs_per_network_diverges": true,
      "per_network_r": [
        0.14833059660645867,
        0.5927750410509032,
        0.0963327859879584,
        -0.2504447813243902,
        -0.1718664477285167,
        -0.39299397920087575,
        -0.6524356869184454,
        0.2785987958401751,
        -0.2380952380952381,
        -0.35467980295566504,
        -0.31459184568842086,
        -0.7274220032840722,
        0.2430213464696223,
        0.8182813355227148,
        -0.391351943076081,
        -0.5599343185550082,
        -0.014176258575481231,
        -0.09250136836343732,
        0.6196797649381633,
        -0.1926655719759168,
        0.4987676293483084,
        0.2964104546733312,
        0.5982484948002189,
        -0.10098717543613059,
        0.025725232621784347,
        0.3524904214559387,
        -0.6721401204159826,
        0.6830870279146142,
        0.14427137728932882,
        0.002751830338540832,
        0.24325453634438854,
        0.9146141215106732,
        0.23097974822112752,
        -0.10454296661193212,
        0.2194854953475643,
        0.4351395730706075,
        -0.05473453749315818,
        -0.48002189381499727,
        -0.40667761357416526,
        -0.11384291189918543,
        0.5309250136836344,
        -0.0445563782342105,
        -0.10399562123700054,
        -0.3103448275862069,
        -0.08088143501671527,
        -0.3442802408319649,
        -0.05237179692483133,
        -0.3552271483305966,
        0.31699973813001925,
        0.6973180076628351
      ]
    },
    "raw": {
      "n_networks": 50,
      "ensemble_mean_r": -0.05692391899288451,
      "perm_p_two_sided": 0.7619238076192381,
      "perm_p_one_sided": 0.37806219378062195,
      "ensemble_significant": false,
      "per_network_mean": 0.10661377757556999,
      "per_network_pct_negative": 38.0,
      "per_network_binom_p": 0.11892045255943628,
      "per_network_sign_significant": false,
      "ensemble_vs_per_network_gap": 0.1635376965684545,
      "ensemble_vs_per_network_diverges": true,