{
  "degree_preserving_swap": {
    "scheme": "degree_preserving_swap",
    "n": 10,
    "von_mises": {
      "ensemble_mean_r": -0.6239737274220033,
      "ensemble_mean_p": 0.000387893269340814,
      "per_network_r": [
        -0.5429666119321293,
        -0.13738368910782706,
        -0.6639299397920088,
        -0.7662835249042145,
        -0.48440065681444994,
        0.39354132457580737,
        0.18445539135194308,
        -0.44991789819376027,
        0.25506294471811713,
        -0.25779967159277506
      ],
      "per_network_mean": -0.24696223316912969
    },
    "raw": {
      "ensemble_mean_r": -0.25068418171866447,
      "ensemble_mean_p": 0.19820592438472373,
      "per_network_r": [
        -0.2616310892172961,
        -0.08593322386425835,
        -0.13793103448275862,
        -0.30651340996168586,
        -0.20087575259989054,
        0.25068418171866447,
        -0.10344827586206896,
        -0.29009304871373837,
        0.4444444444444444,
        0.062397372742200335
      ],
      "per_network_mean": -0.06288998357963874
    }
  },
  "erdos_renyi": {
    "scheme": "erdos_renyi",
    "n": 10,
    "von_mises": {
      "ensemble_mean_r": -0.4367816091954023,
      "ensemble_mean_p": 0.02012755678120862,
      "per_network_r": [
        -0.5801860974274767,
        -0.4964422550629447,
        -0.32676518883415434,
        -0.33169129720853857,
        -0.36124794745484395,
        -0.2851669403393541,
        -0.6278051450465244,
        -0.5517525471425563,
        -0.04298426098275318,
        -0.1330049261083744
      ],
      "per_network_mean": -0.3737046605607521
    },
    "raw": {
      "ensemble_mean_r": 0.14887794198139023,
      "ensemble_mean_p": 0.44958936986233405,
      "per_network_r": [
        -0.35960591133004927,
        -0.06732348111658455,
        0.03721948549534756,
        0.13628899835796388,
        -0.13902572523262177,
        0.20306513409961688,
        -0.3130815544608648,
        0.0733844578829802,
        0.34606436867643325,
        0.15818281335522713
      ],
      "per_network_mean": 0.007516858572744858
    }
  },
  "contrast": {
    "von_mises": {
      "U": 57.0,
      "p": 0.6231762238821174
    },
    "raw": {
      "U": 41.0,
      "p": 0.5205228832757727
    }
  }
}