node_id,pt_root_id,nucleus_id,cell_type,x,y,z
0,864691135686494647,517898,23P,1185856.0,444800.0,670800.0
1,864691136812081779,581967,23P,1329472.0,475264.0,700720.0
2,864691135479404742,269247,5P-NP,710144.0,855296.0,795760.0
3,864691135975539779,582056,23P,1330240.0,480128.0,747120.0
4,864691136210344892,588839,5P-IT,1328064.0,762624.0,771560.0
5,864691135975633475,559081,5P-IT,1288960.0,704512.0,911680.0
6,864691135497743635,583848,4P,1329920.0,547072.0,785520.0
7,864691136108938168,553325,23P,1303552.0,508864.0,781040.0
8,864691136023889209,262773,4P,672384.0,647808.0,860120.0
9,864691136309871706,516758,23P,1241984.0,442560.0,763240.0
10,864691136903144370,236197,6P-IT,609664.0,904512.0,772400.0
11,864691135572530981,588983,5P-ET,1365120.0,763456.0,812600.0
12,864691135857099310,460391,4P,1113408.0,676992.0,1009320.0
13,864691135915343462,585723,4P,1329344.0,626112.0,800640.0
14,864691135816565839,259167,23P,706752.0,536896.0,1032200.0
15,864691135384285931,330329,4P,832256.0,589120.0,822080.0
16,864691135700409211,557030,4P,1267840.0,625088.0,983200.0
17,864691135749141801,518898,23P,1183488.0,492800.0,936640.0
18,864691136990522517,327859,23P,826304.0,532672.0,745800.0
19,864691136137834877,518853,23P,1202304.0,462464.0,923200.0
20,864691135772053835,517056,23P,1216320.0,407936.0,874120.0
21,864691135701624699,582129,23P,1311616.0,473664.0,757880.0
22,864691136391623039,493419,5P-IT,1166720.0,679104.0,891000.0
23,864691135593659947,557121,4P,1283392.0,621504.0,1020280.0
24,864691135361314119,292709,23P,725760.0,491456.0,853080.0
25,864691135361291591,368160,5P-IT,881728.0,754688.0,916000.0
26,864691136023980601,493806,5P-IT,1170240.0,669504.0,970680.0
27,864691135496333968,553584,23P,1306752.0,499456.0,885080.0
28,864691135753932237,225498,4P,598848.0,606592.0,701960.0
29,864691135387690069,582010,23P,1374272.0,497600.0,700960.0
30,864691135848030814,554921,23P,1297280.0,522880.0,829520.0
31,864691135566945559,188180,23P,541760.0,509120.0,684480.0
32,864691135619317391,362903,4P,858432.0,584832.0,753760.0
33,864691134884807418,518848,23P,1196352.0,492736.0,919560.0
34,864691135440543560,489675,4P,1162368.0,541632.0,1078000.0
35,864691136066631832,554741,4P,1303296.0,548416.0,775240.0
36,864691136107283417,363525,4P,892928.0,618752.0,870480.0
37,864691135233242713,525498,5P-ET,1194624.0,665856.0,984680.0
38,864691135807579933,520364,4P,1214144.0,572736.0,879440.0
39,864691135479833030,330148,4P,844480.0,583232.0,756640.0
40,864691135503443549,394177,4P,925632.0,635584.0,725080.0
41,864691136925601354,554200,4P,1298496.0,557312.0,625000.0
42,864691135517531786,582210,23P,1372672.0,504832.0,759600.0
43,864691135655390658,291315,23P,739840.0,413760.0,881120.0
44,864691135738047620,337804,5P-IT,819904.0,808192.0,856320.0
45,864691135782544435,560109,5P-ET,1280192.0,728832.0,677080.0
46,864691136089194039,560217,5P-ET,1253888.0,759616.0,707680.0
47,864691135724393131,616159,5P-IT,1408384.0,694912.0,772400.0
48,864691136238652476,269334,6P-IT,700544.0,851200.0,830000.0
49,864691135272206865,487512,23P,1147968.0,500224.0,955320.0
50,864691135919645872,587426,5P-IT,1350400.0,641600.0,810720.0
51,864691135492613471,256459,23P,707968.0,473984.0,828520.0
52,864691136974813212,301104,5P-IT,753408.0,748352.0,866080.0
53,864691135137137433,459533,4P,1064128.0,647360.0,819560.0
54,864691135462420637,558709,4P,1301824.0,642624.0,753160.0
55,864691136066069400,518312,23P,1198208.0,449088.0,809840.0
56,864691136991202453,302951,5P-ET,727808.0,829824.0,818960.0
57,864691135469422674,330079,23P,819200.0,575424.0,767320.0
58,864691135782702387,294858,23P,770240.0,531136.0,920360.0
59,864691135382556378,560732,5P-ET,1310336.0,760896.0,834800.0
60,864691135360096071,300425,5P-IT,755776.0,744192.0,712520.0
61,864691136227484753,554891,23P,1268544.0,536640.0,826040.0
62,864691136137140093,497789,5P-ET,1155904.0,832064.0,1057000.0
63,864691135257404079,553589,23P,1308928.0,486848.0,874440.0
64,864691136451224831,581988,23P,1348992.0,507328.0,695480.0
65,864691135809608652,559381,5P-IT,1254016.0,697728.0,1047840.0
66,864691135273655569,526436,5P-ET,1216640.0,740032.0,691960.0
67,864691135492614239,230650,5P-IT,597632.0,762688.0,934800.0
68,864691135099901728,466163,6P-IT,1112000.0,882240.0,787640.0
69,864691135809375005,309426,6P-CT,781376.0,991872.0,952760.0
70,864691135888577417,564808,6P-IT,1299264.0,848768.0,959640.0
71,864691135059143323,525405,5P-IT,1187136.0,674304.0,953800.0
72,864691135463695429,554900,23P,1279424.0,510272.0,829640.0
73,864691135518453642,610607,23P,1382272.0,494656.0,840600.0
74,864691136912172017,331945,4P,791936.0,699136.0,678680.0
75,864691135114295961,404262,5P-IT,967936.0,843456.0,972800.0
76,864691135501703746,582091,23P,1360064.0,463360.0,740000.0
77,864691136120663064,389133,23P,925120.0,438464.0,711840.0
78,864691135385422677,522656,4P,1191360.0,636800.0,978680.0
79,864691135341198789,612143,23P,1396160.0,523264.0,731960.0
80,864691135697613077,562808,5P-ET,1308416.0,771392.0,871360.0
81,864691135367033849,525758,5P-IT,1199872.0,682240.0,1068320.0
82,864691135162908461,556823,4P,1246016.0,629696.0,916720.0
83,864691136974876956,589294,5P-ET,1335552.0,733184.0,943920.0
84,864691135731966649,271772,6P-CT,701376.0,901824.0,909520.0
85,864691135611140359,299278,4P,741056.0,672128.0,944720.0
86,864691135493079783,610474,23P,1426624.0,476992.0,764720.0
87,864691135113733529,460053,4P,1101632.0,640448.0,953080.0
88,864691135117980637,493968,4P,1168896.0,641600.0,1029320.0
89,864691135360017752,518224,23P,1217408.0,463232.0,767760.0
90,864691135809384221,274061,6P-IT,716288.0,1003520.0,959320.0
91,864691136438426526,485307,23P,1175680.0,434688.0,660320.0
92,864691135787537348,363553,4P,908096.0,598848.0,858800.0
93,864691136953413599,395023,4P,957312.0,574848.0,907360.0
94,864691135375484489,394291,4P,944448.0,606144.0,773120.0
95,864691136378815445,330326,4P,827328.0,621760.0,820200.0
96,864691135700648226,582471,23P,1368640.0,451392.0,861240.0
97,864691135937286404,554833,4P,1299328.0,571712.0,797240.0
98,864691135428676144,580774,23P,1351104.0,400768.0,713880.0
99,864691136578820884,495010,5P-ET,1150528.0,771776.0,781960.0
100,864691135455701354,427914,4P,1007296.0,656192.0,738840.0
101,864691136134678667,271518,6P-CT,673856.0,904768.0,844840.0
102,864691135492276839,344441,6P-CT,797376.0,990848.0,947120.0
103,864691135271590309,307087,6P-CT,731584.0,919616.0,915600.0
104,864691135416233914,555010,23P,1292864.0,518400.0,868760.0
105,864691135502730562,583792,23P,1341760.0,513536.0,771840.0
106,864691136118618136,518623,23P,1228864.0,497216.0,842640.0
107,864691136275031565,558684,5P-IT,1275840.0,676544.0,762360.0
108,864691135015048342,344453,6P-IT,809472.0,999936.0,936680.0
109,864691135540440178,291402,23P,760320.0,430720.0,928600.0
110,864691135953985800,224565,23P,599360.0,543552.0,950120.0
111,864691135742327147,309355,6P-IT,746368.0,997376.0,949760.0
112,864691135802453858,291483,23P,770560.0,428480.0,943440.0
113,864691136487168530,307012,5P-ET,759936.0,921344.0,894280.0
114,864691136273494206,582313,23P,1311744.0,475264.0,831840.0
115,864691135946676260,553283,23P,1270976.0,495808.0,799320.0
116,864691135775906989,526226,5P-IT,1209792.0,711104.0,651720.0
117,864691136136778621,518134,23P,1237824.0,452992.0,742720.0
118,864691136489055762,329954,4P,832384.0,595584.0,722880.0
119,864691135271463077,362831,4P,877120.0,619200.0,725200.0
120,864691135810308125,452379,23P,1056256.0,425984.0,768840.0
121,864691135927647956,612352,4P,1393792.0,544832.0,784120.0
122,864691136578982164,491214,4P,1141696.0,616896.0,899680.0
123,864691135455123562,582444,23P,1348032.0,487552.0,869880.0
124,864691135719761713,518632,23P,1239360.0,448448.0,821000.0
125,864691136084313196,493885,5P-ET,1159360.0,702016.0,1005000.0
126,864691136967634382,262722,4P,718080.0,663424.0,825320.0
127,864691135492371303,307132,6P-CT,761728.0,962944.0,921560.0
128,864691135134695328,553492,23P,1302720.0,482880.0,865040.0
129,864691136137794941,303100,5P-ET,774528.0,830336.0,871720.0
130,864691136602371025,553321,23P,1300864.0,482432.0,810320.0
131,864691136227020113,533187,6P-CT,1227456.0,854208.0,989480.0
132,864691135585266808,302957,5P-ET,733824.0,811008.0,838120.0
133,864691136195391208,519746,23P,1229120.0,521088.0,714640.0
134,864691136176327430,554734,23P,1297664.0,515008.0,757560.0
135,864691135429763120,582390,23P,1361472.0,502080.0,824760.0
136,864691136362774498,303046,5P-ET,737408.0,776128.0,862280.0
137,864691136674744199,296910,4P,755776.0,608064.0,904680.0
138,864691135384262362,309200,6P-IT,720768.0,1001472.0,923560.0
139,864691135404763374,610403,23P,1401408.0,457856.0,775080.0
140,864691136273370302,303236,5P-IT,765696.0,824448.0,907120.0
141,864691136419797655,303066,5P-ET,745920.0,822208.0,864280.0
142,864691135688186080,303145,5P-ET,742528.0,824896.0,890640.0
143,864691135855860782,608213,23P,1377216.0,442880.0,777920.0
144,864691135397023777,494888,5P-ET,1142848.0,763072.0,769240.0
145,864691135279678881,306953,6P-IT,722304.0,939968.0,887240.0
146,864691136228250961,304973,5P-ET,744512.0,841152.0,873120.0
147,864691135693735103,274192,5P-ET,719744.0,1013376.0,973960.0
148,864691136034271675,154704,23P,520960.0,520064.0,695800.0
149,864691136925029092,459562,4P,1083584.0,643456.0,817560.0
150,864691135014734486,260712,23P,694848.0,578432.0,882400.0
151,864691135565962775,582399,23P,1373376.0,507776.0,809840.0
152,864691135387753601,305232,6P-IT,769344.0,859648.0,932520.0
153,864691135611337735,304962,6P-CT,730880.0,872576.0,870680.0
154,864691135214123064,267295,5P-ET,701504.0,796416.0,898600.0
155,864691135480718022,452396,23P,1081088.0,422912.0,762480.0
156,864691135885140848,582388,23P,1361280.0,491776.0,830240.0
157,864691135654715586,554775,23P,1266240.0,510144.0,806280.0
158,864691135477448360,271686,6P-IT,700288.0,918400.0,900960.0
159,864691135082074359,309052,6P-CT,722112.0,971712.0,901400.0
160,864691135572385061,610615,23P,1391616.0,499200.0,829520.0
161,864691135684657079,553339,23P,1244928.0,499200.0,822320.0
162,864691136330101226,303139,5P-ET,736192.0,794112.0,899720.0
163,864691135778675552,309263,6P-IT,761792.0,998656.0,907880.0
164,864691135122469671,580826,23P,1366848.0,431744.0,733320.0
165,864691135464633245,307068,6P-IT,784512.0,942400.0,900480.0
166,864691135774177531,389134,23P,928960.0,434944.0,690440.0
167,864691136363303138,260615,4P,686976.0,600576.0,872720.0
168,864691136437631902,265045,5P-ET,712448.0,765376.0,884360.0
169,864691134941063523,267183,5P-ET,687808.0,787520.0,871080.0
170,864691135852138183,582353,23P,1345088.0,444160.0,829080.0
171,864691135405700334,294494,23P,751680.0,546432.0,818880.0
172,864691135491167207,553585,23P,1308224.0,456576.0,884080.0
173,864691135585046648,582414,23P,1321216.0,445184.0,872920.0
174,864691135688823008,271561,6P-IT,703936.0,913344.0,873040.0
175,864691136124845606,518004,23P,1203648.0,475840.0,706200.0
176,864691135809456669,271695,6P-IT,705856.0,929920.0,886960.0
177,864691135468161164,553469,23P,1273152.0,501120.0,865920.0
178,864691136452081151,580948,23P,1319872.0,438912.0,820320.0
179,864691135101521952,296784,4P,760256.0,629696.0,899280.0
180,864691135851792071,551802,23P,1254272.0,418240.0,797360.0
181,864691135359010904,583659,23P,1339200.0,509248.0,748920.0
182,864691135952121379,583741,23P,1375360.0,521024.0,741920.0
183,864691135927648212,610535,23P,1409408.0,450752.0,804880.0
184,864691136084684396,582468,23P,1365888.0,486464.0,868280.0
185,864691136043283030,260625,4P,701312.0,638592.0,866320.0
186,864691135584504429,258391,23P,709568.0,521664.0,894080.0
187,864691136194355176,553360,23P,1263424.0,503680.0,830600.0
188,864691135480800198,291333,23P,753728.0,429056.0,896160.0
189,864691136143696692,516988,23P,1220160.0,438400.0,831320.0
190,864691136424990255,269500,6P-IT,700480.0,897792.0,878440.0
191,864691135270320293,518752,23P,1243904.0,499008.0,859160.0
192,864691135586240120,292720,23P,737792.0,488640.0,845360.0
193,864691135809509917,305034,6P-IT,725888.0,893312.0,903880.0
194,864691135294441654,262698,4P,705728.0,642880.0,837200.0
195,864691135940685057,610396,23P,1393408.0,477184.0,767280.0
196,864691136724880893,582412,23P,1318144.0,498240.0,855480.0
197,864691136903681458,520027,4P,1218432.0,569536.0,782040.0
198,864691135118894813,583891,4P,1354432.0,541632.0,810040.0
199,864691135491204327,584004,23P,1321536.0,532992.0,866680.0
200,864691136488999186,262710,4P,710016.0,675392.0,841920.0
201,864691135864188286,608166,23P,1382976.0,402624.0,753080.0
202,864691135496339088,610434,23P,1417280.0,477312.0,777320.0
203,864691135616363211,581998,23P,1357824.0,500608.0,711280.0
204,864691135578670597,304976,6P-IT,755456.0,874624.0,861320.0
205,864691135720638769,553556,23P,1279616.0,505216.0,880000.0
206,864691136196127208,582409,23P,1312448.0,479424.0,854880.0
207,864691136968429774,258319,23P,713600.0,572992.0,849520.0
208,864691136334080435,583739,23P,1373888.0,510656.0,720640.0
209,864691135739733140,612266,4P,1398336.0,536448.0,767160.0
210,864691135358995288,582011,23P,1374656.0,474496.0,717280.0
211,864691135466158917,258289,23P,683712.0,570432.0,854240.0
212,864691135562410721,305113,6P-IT,780608.0,892288.0,896400.0
213,864691135492274791,306963,6P-CT,727808.0,961024.0,885880.0
214,864691135617409385,302861,5P-ET,753024.0,800768.0,808640.0
215,864691135274355473,305057,6P-CT,747968.0,866432.0,900960.0
216,864691135646806255,294663,23P,738816.0,548736.0,879040.0
217,864691136136766845,583729,23P,1367744.0,515072.0,736640.0
218,864691136991166101,531202,5P-ET,1207488.0,783744.0,944960.0
219,864691135476041792,194161,4P,557632.0,676672.0,717360.0
220,864691135335635177,425915,4P,1034240.0,577088.0,785880.0
221,864691135867905302,614445,5P-IT,1408768.0,622720.0,840880.0
222,864691135741524587,326376,23P,839040.0,457792.0,898480.0
223,864691135816693327,328465,23P,842368.0,516864.0,879000.0
224,864691135947139108,325994,23P,812672.0,447424.0,783320.0
225,864691137198382657,454103,23P,1053824.0,465856.0,874720.0
226,864691135275621605,190151,23P,576832.0,571840.0,719960.0
227,864691135157025636,463358,6P-IT,1054208.0,830336.0,710600.0
228,864691136310966106,619464,6P-CT,1387136.0,823808.0,726480.0
229,864691135573296677,258370,23P,694400.0,547136.0,898560.0
230,864691135938555908,487390,23P,1166656.0,485632.0,891840.0
231,864691135417045946,422361,23P,1005312.0,484992.0,911840.0
232,864691135455977578,269510,6P-IT,714048.0,847360.0,881800.0
233,864691135778419901,258335,23P,660160.0,567488.0,900800.0
234,864691135938629892,453769,23P,1095232.0,508224.0,774720.0
235,864691136389607287,556676,4P,1270464.0,584832.0,851800.0
236,864691136663528670,519033,23P,1237952.0,494144.0,980440.0
237,864691135778467517,190978,23P,538368.0,534528.0,978280.0
238,864691136488414994,194533,4P,576512.0,696256.0,768920.0
239,864691135586414716,556712,4P,1296704.0,629312.0,861080.0
240,864691136363009250,488601,4P,1176128.0,572416.0,738920.0
241,864691135849088094,367994,5P-IT,907648.0,730048.0,868200.0
242,864691135014355094,587042,5P-IT,1317888.0,660160.0,708400.0
243,864691135594721579,223191,23P,652288.0,472832.0,983880.0
244,864691135275949029,389316,23P,965888.0,430400.0,782680.0
245,864691135339088102,368359,5P-IT,873088.0,708736.0,989120.0
246,864691136488446226,222257,23P,591680.0,478336.0,711880.0
247,864691135518844554,556922,4P,1246080.0,621120.0,962360.0
248,864691135384176619,197609,4P,576704.0,718272.0,984200.0
249,864691136452447743,223068,23P,624000.0,483008.0,942000.0
250,864691135209116537,391333,23P,963392.0,451392.0,943600.0
251,864691136275364365,614178,4P,1386048.0,620416.0,773480.0
252,864691135911276969,522408,4P,1223808.0,631360.0,899760.0
253,864691135778132576,525220,5P-IT,1181376.0,684160.0,874440.0
254,864691135975824495,391039,23P,935744.0,479552.0,851760.0
255,864691135749995049,517249,23P,1224192.0,426688.0,954400.0
256,864691135808684573,192790,4P,555136.0,620800.0,866680.0
257,864691135778638013,222500,23P,622144.0,493952.0,779640.0
258,864691135502873666,226337,23P,647680.0,575616.0,872960.0
259,864691135755197133,525389,5P-IT,1241920.0,665024.0,934840.0
260,864691136228367697,614654,4P,1398912.0,613760.0,899160.0
261,864691135698731541,610835,23P,1398464.0,460992.0,893520.0
262,864691135582973549,333202,4P,834240.0,660736.0,882040.0
263,864691135477469864,423614,23P,998720.0,554240.0,752680.0
264,864691136953197279,363939,4P,890304.0,587264.0,973240.0
265,864691135014099446,457171,4P,1066112.0,621632.0,728000.0
266,864691135342523057,392397,23P,975680.0,530240.0,726880.0
267,864691135989817088,518939,23P,1230592.0,478784.0,940080.0
268,864691135492308071,306958,6P-CT,724544.0,916288.0,893760.0
269,864691135430004016,490973,4P,1148096.0,623744.0,826760.0
270,864691135740860820,488668,23P,1165312.0,547264.0,771960.0
271,864691136117770660,420750,23P,1042432.0,414080.0,899320.0
272,864691134948788476,224351,23P,631872.0,565824.0,865920.0
273,864691135578103301,554924,23P,1299264.0,509248.0,822200.0
274,864691136445062787,330544,4P,830016.0,613184.0,893800.0
275,864691135477469352,194797,4P,545920.0,665856.0,825320.0
276,864691135059845275,556654,4P,1254016.0,595456.0,869560.0
277,864691135977134403,396178,4P,971072.0,657344.0,718000.0
278,864691135890141321,190709,23P,542144.0,539904.0,893520.0
279,864691135877606483,228483,4P,620032.0,676928.0,904240.0
280,864691135408560329,519002,23P,1210240.0,489408.0,968640.0
281,864691135610877191,453792,23P,1050176.0,481984.0,803200.0
282,864691135868060950,330181,4P,796672.0,628352.0,784280.0
283,864691135257521583,516611,23P,1182912.0,431616.0,706520.0
284,864691137054934902,558663,4P,1262976.0,640960.0,758680.0
285,864691136311106650,558388,5P-IT,1262784.0,663680.0,705200.0
286,864691135339103718,423560,23P,1032640.0,520512.0,735920.0
287,864691135955060232,533149,6P-CT,1193024.0,856192.0,980800.0
288,864691136033116347,432233,6P-CT,1047488.0,826048.0,786040.0
289,864691136380264149,587208,5P-IT,1333056.0,648448.0,721200.0
290,864691135731705273,553623,23P,1261568.0,474752.0,905880.0
291,864691136380264405,340088,6P-CT,850496.0,837888.0,933440.0
292,864691135989836288,518884,23P,1237824.0,444928.0,910800.0
293,864691135940996774,426052,4P,1040256.0,627904.0,832320.0
294,864691135782145872,188569,23P,579200.0,472064.0,771760.0
295,864691135464143934,455349,23P,1058112.0,520576.0,720840.0
296,864691135570502278,392918,23P,968832.0,548864.0,893880.0
297,864691135741619051,558881,5P-IT,1246080.0,656896.0,862560.0
298,864691135777400237,589183,5P-IT,1342208.0,757120.0,894840.0
299,864691135473383730,520668,23P,1204288.0,542912.0,968400.0
300,864691135782156368,460199,5P-IT,1109440.0,679872.0,986040.0
301,864691135397846049,422239,23P,1030336.0,446592.0,870640.0
302,864691136025184569,452630,23P,1049984.0,428480.0,904080.0
303,864691136298111003,424435,4P,1032832.0,558016.0,977520.0
304,864691135397960481,552173,23P,1246656.0,382400.0,992800.0
305,864691136905506482,305242,6P-CT,776448.0,848256.0,927000.0
306,864691135510191369,434471,6P-CT,1043136.0,867776.0,899640.0
307,864691135195825450,361787,23P,889152.0,545408.0,978720.0
308,864691136009893294,485971,23P,1113856.0,427008.0,1000400.0
309,864691135480652998,303097,5P-IT,770880.0,807360.0,852480.0
310,864691136380324821,389432,23P,940736.0,440064.0,845800.0
311,864691136311059034,359649,23P,902528.0,456576.0,881400.0
312,864691135585415544,587776,5P-IT,1367296.0,693376.0,933280.0
313,864691136106969561,558641,4P,1250688.0,641664.0,752960.0
314,864691136239108156,257700,23P,678016.0,547584.0,719480.0
315,864691135772987899,491560,4P,1147968.0,636352.0,966160.0
316,864691135519105162,192146,4P,588928.0,614976.0,735160.0
317,864691136239068732,489084,23P,1125632.0,518912.0,885040.0
318,864691135257638575,584198,23P,1310592.0,511040.0,961120.0
319,864691135519106442,612049,23P,1401152.0,517440.0,714440.0
320,864691135136312089,309327,6P-CT,722240.0,974016.0,952560.0
321,864691137055253878,306940,6P-IT,778496.0,914496.0,863720.0
322,864691135655473858,344429,6P-IT,790848.0,1031296.0,941280.0
323,864691135519178378,342344,6P-CT,800768.0,949632.0,943800.0
324,864691135257689519,307139,6P-CT,773888.0,917760.0,904200.0
325,864691135731707065,307236,6P-CT,772480.0,909824.0,948000.0
326,864691135276188133,307189,6P-CT,733248.0,960896.0,960160.0
327,864691136372012168,344554,6P-CT,798528.0,971968.0,984640.0
328,864691136380400341,307230,6P-CT,767296.0,964096.0,950840.0
329,864691135801376610,271774,6P-CT,701568.0,913984.0,916760.0
330,864691135655521986,274179,6P-CT,713792.0,1012480.0,988160.0
331,864691135773074683,271884,6P-IT,707008.0,945984.0,951880.0
332,864691135688407776,273955,6P-CT,709376.0,967936.0,906400.0
333,864691135361432391,307346,6P-CT,780992.0,963968.0,966640.0
334,864691136389885047,309523,6P-CT,761088.0,983872.0,986000.0
335,864691137021162094,305115,6P-CT,780800.0,898432.0,873840.0
336,864691136311179354,309281,6P-CT,771776.0,970496.0,929640.0
337,864691135499821331,394967,4P,931840.0,602240.0,926880.0
338,864691136239859772,296548,4P,760384.0,595456.0,839120.0
339,864691135102274592,256529,23P,692352.0,445120.0,847360.0
340,864691136596060322,307240,6P-CT,780672.0,962944.0,946600.0
341,864691135801393250,344661,6P-IT,812544.0,1024128.0,1007640.0
342,864691136904761266,520182,23P,1230976.0,520320.0,838120.0
343,864691135801133666,582294,23P,1368768.0,489088.0,802480.0
344,864691135361430087,264927,5P-IT,705792.0,769408.0,850000.0
345,864691135868142870,307243,6P-CT,780608.0,915072.0,939120.0
346,864691135276189669,306933,6P-CT,769536.0,915328.0,866000.0
347,864691136389688695,291334,23P,754048.0,395776.0,904120.0
348,864691136195824204,256511,23P,678144.0,482816.0,867840.0
349,864691135369087481,309494,6P-IT,749952.0,1023616.0,981800.0
350,864691135294480310,301188,5P-IT,721152.0,766656.0,904000.0
351,864691136330407914,258297,23P,689408.0,559680.0,852480.0
352,864691135276132325,258202,23P,675968.0,534080.0,829800.0
353,864691136380268245,291113,23P,737856.0,426688.0,823960.0
354,864691136389679223,291109,23P,732736.0,441472.0,825000.0
355,864691135119709149,226128,4P,637184.0,604224.0,819920.0
356,864691135970226021,292945,23P,743552.0,462080.0,905240.0
357,864691136275771917,342450,6P-IT,794752.0,953472.0,977280.0
358,864691135993150913,292708,23P,724544.0,492480.0,861720.0
359,864691135562842337,294484,23P,741376.0,572288.0,837120.0
360,864691135234382937,294669,23P,749184.0,550272.0,901200.0
361,864691136052366067,291177,23P,749248.0,420032.0,862520.0
362,864691135502885954,291179,23P,750464.0,437760.0,872280.0
363,864691135498973715,256669,23P,715520.0,449984.0,874040.0
364,864691136904656818,292587,23P,763968.0,483008.0,809680.0
365,864691135489677882,294491,23P,748928.0,554496.0,824360.0
366,864691135727867967,292680,23P,765312.0,463680.0,841920.0
367,864691135214653240,311962,6P-IT,731008.0,1039168.0,1021080.0
368,864691136120658712,328513,23P,808128.0,514752.0,913560.0
369,864691135469753426,256331,23P,696896.0,505984.0,805960.0
370,864691135732377785,311619,6P-CT,726464.0,1033856.0,920920.0
371,864691136596815778,553407,23P,1300736.0,466112.0,824800.0
372,864691137021264750,267205,5P-IT,715392.0,816960.0,855400.0
373,864691134965778719,391223,23P,954304.0,456064.0,921040.0
374,864691135750307881,304956,5P-ET,726272.0,850560.0,873880.0
375,864691136618795227,264798,5P-IT,692544.0,741568.0,837240.0
376,864691135877825107,264841,5P-IT,712448.0,728896.0,831280.0
377,864691136120038424,271810,6P-IT,717632.0,955712.0,934200.0
378,864691136330122730,264800,5P-IT,694208.0,755328.0,832760.0
379,864691135502748482,264885,5P-IT,676416.0,739904.0,863960.0
380,864691135342594225,291339,23P,765056.0,433984.0,891600.0
381,864691135947258916,256607,23P,680832.0,452032.0,900280.0
382,864691135784641843,311722,6P-IT,776000.0,1043648.0,930320.0
383,864691136144827444,291208,23P,767104.0,436416.0,858800.0
384,864691137198691137,256609,23P,681856.0,450752.0,882760.0
385,864691135404860654,256422,23P,675072.0,447104.0,825480.0
386,864691135294442678,258402,23P,718016.0,537856.0,888280.0
387,864691136058646488,292728,23P,744384.0,456704.0,844440.0
388,864691135304641703,256509,23P,674688.0,493888.0,852600.0
389,864691135398805281,256521,23P,688000.0,488512.0,865120.0
390,864691135993020097,256507,23P,672640.0,453184.0,845520.0
391,864691135942611316,256525,23P,688896.0,506624.0,845640.0
392,864691135801163874,256551,23P,714944.0,505728.0,865120.0
393,864691135801267554,292743,23P,755776.0,479936.0,855920.0
394,864691135731679929,294671,23P,750528.0,565248.0,901560.0
395,864691135938816260,258398,23P,713408.0,546816.0,886880.0
396,864691135874782350,258290,23P,683264.0,511424.0,867640.0
397,864691136742067804,294684,23P,753984.0,543040.0,894200.0
398,864691135455400554,258284,23P,680768.0,534208.0,857880.0
399,864691135782156880,294568,23P,747328.0,526912.0,848600.0
400,864691135726939455,292860,23P,753600.0,487616.0,880440.0
401,864691136904594610,258223,23P,693248.0,554752.0,820040.0
402,864691136042462038,294664,23P,739200.0,525184.0,898960.0
403,864691136380312021,256675,23P,719936.0,497280.0,899000.0
404,864691135067448132,309250,6P-IT,749248.0,989696.0,919000.0
405,864691135349839831,258243,23P,708800.0,547840.0,841920.0
406,864691136298125851,258230,23P,703424.0,525888.0,816280.0
407,864691135257669039,258377,23P,702784.0,544768.0,879600.0
408,864691135778811325,294500,23P,759040.0,510080.0,821600.0
409,864691135773073147,258245,23P,710528.0,557184.0,826480.0
410,864691136389921911,294576,23P,753280.0,525632.0,864200.0
411,864691135688387040,260690,4P,677120.0,596544.0,892720.0
412,864691135778815421,258277,23P,674368.0,565568.0,867680.0
413,864691135014246390,307170,6P-CT,723008.0,916160.0,959520.0
414,864691135356320463,344535,6P-CT,787392.0,1012928.0,995120.0
415,864691136025333561,298914,4P,739648.0,682368.0,851160.0
416,864691137055244406,344437,6P-CT,796224.0,992832.0,959480.0
417,864691135591533579,344546,6P-IT,793472.0,993152.0,986240.0
418,864691135885298544,344307,6P-IT,787008.0,981632.0,933600.0
419,864691135948010081,342328,6P-CT,788800.0,963712.0,949520.0
420,864691135698820373,271900,6P-CT,719552.0,934272.0,938360.0
421,864691136021849848,344561,6P-CT,805888.0,1010688.0,987240.0
422,864691135566122071,271983,6P-CT,701760.0,946560.0,971480.0
423,864691136619828877,342342,6P-IT,800000.0,964416.0,950640.0
424,864691135763491126,271770,6P-IT,701376.0,930496.0,923360.0
425,864691136275807757,309330,6P-IT,726400.0,971968.0,946080.0
426,864691135573276197,305065,6P-IT,758080.0,895680.0,889480.0
427,864691135699522069,300819,5P-IT,751360.0,729408.0,808160.0
428,864691135694189759,309278,6P-IT,771648.0,1027264.0,917200.0
429,864691135947366692,309504,6P-IT,754112.0,1014464.0,995320.0
430,864691135810803660,309274,6P-IT,769856.0,1000512.0,930640.0
431,864691135271103653,309447,6P-IT,724544.0,1029824.0,971560.0
432,864691134989919098,342331,6P-IT,790016.0,951424.0,948800.0
433,864691136117811876,309213,6P-CT,731200.0,969600.0,918640.0
434,864691135938925109,309479,6P-CT,740096.0,1003520.0,986560.0
435,864691137198844737,307092,6P-IT,734272.0,909632.0,921520.0
436,864691136090728503,309208,6P-CT,729792.0,998912.0,905720.0
437,864691136452543231,274058,6P-IT,712128.0,985152.0,942680.0
438,864691135938990901,309338,6P-CT,732992.0,1013632.0,950680.0
439,864691136488591378,305250,6P-IT,778944.0,853888.0,916640.0
440,864691135865648254,269411,6P-IT,707648.0,891200.0,862120.0
441,864691135498997267,269509,6P-CT,710464.0,849216.0,892040.0
442,864691135271038885,256451,23P,701376.0,497152.0,812600.0
443,864691135787242948,346884,6P-IT,797632.0,1042880.0,963920.0
444,864691135763433270,258225,23P,694784.0,525888.0,837520.0
445,864691135183999490,258353,23P,677312.0,523648.0,884400.0
446,864691135919756208,256602,23P,674048.0,507584.0,882920.0
447,864691135398817569,291326,23P,746560.0,434624.0,901680.0
448,864691135640297787,260647,4P,716544.0,610816.0,863160.0
449,864691136288598467,291160,23P,733696.0,421760.0,860120.0
450,864691135276234469,294499,23P,757248.0,539904.0,833400.0
451,864691136953958879,256617,23P,694720.0,464192.0,902240.0
452,864691136524089489,291316,23P,740992.0,427968.0,880720.0
453,864691134941412707,292739,23P,750784.0,506240.0,872120.0
454,864691136618553563,260549,4P,709504.0,620288.0,817360.0
455,864691136579129876,294591,4P,765440.0,573760.0,846280.0
456,864691135271077541,296554,4P,772224.0,594560.0,812480.0
457,864691135694246079,296648,4P,754688.0,587456.0,848840.0
458,864691135694264511,296760,4P,745792.0,611968.0,881960.0
459,864691135782241616,258217,23P,687680.0,562496.0,837800.0
460,864691135387988609,260592,4P,675136.0,590592.0,860960.0
461,864691135988557315,260542,23P,702592.0,579456.0,836120.0
462,864691136311267930,294646,23P,722240.0,552512.0,885440.0
463,864691136101340021,260518,4P,686080.0,595584.0,830040.0
464,864691135801463650,294582,23P,757888.0,511040.0,872160.0
465,864691135136360217,294677,23P,750784.0,573824.0,872720.0
466,864691135868210454,294653,23P,731520.0,564608.0,897600.0
467,864691135447582354,309386,6P-IT,761664.0,1010496.0,942880.0
468,864691136195891788,296730,23P,723328.0,574848.0,904480.0
469,864691136975144988,294682,23P,753600.0,514816.0,891640.0
470,864691135719900721,262925,4P,695616.0,677376.0,893640.0
471,864691135562004193,262691,4P,697600.0,646784.0,821200.0
472,864691136052637171,260699,4P,684800.0,639552.0,881200.0
473,864691135274860561,262959,4P,716224.0,642816.0,883920.0
474,864691135546161704,260543,4P,702912.0,620160.0,838320.0
475,864691136975088156,296788,4P,763648.0,620160.0,886240.0
476,864691135810773452,296540,4P,757760.0,615616.0,828240.0
477,864691135725748139,298919,4P,742080.0,644032.0,865000.0
478,864691135294520844,296508,4P,728640.0,639744.0,822520.0
479,864691135694406335,299019,4P,722560.0,662464.0,884680.0
480,864691135694415551,260263,4P,677760.0,632512.0,810640.0
481,864691136101341045,299056,4P,742784.0,651904.0,903040.0
482,864691135014256630,307235,6P-CT,771392.0,948544.0,936320.0
483,864691135757002450,292666,23P,748416.0,451520.0,829000.0
484,864691136579193108,307123,6P-CT,751872.0,961344.0,913480.0
485,864691135586773628,311831,6P-IT,723776.0,1051712.0,989560.0
486,864691135479744454,311793,6P-IT,757888.0,1035840.0,951920.0
487,864691135725838763,271881,6P-CT,704064.0,932096.0,938040.0
488,864691135591725067,309419,6P-IT,777600.0,982144.0,937960.0
489,864691135539591282,307150,6P-IT,782016.0,966016.0,915040.0
490,864691135782278224,309390,6P-IT,765568.0,973696.0,953880.0
491,864691135572712485,311843,6P-IT,732288.0,1035200.0,991280.0
492,864691135778335328,271887,6P-CT,708544.0,928256.0,945480.0
493,864691135279848865,307232,6P-CT,769472.0,953792.0,963480.0
494,864691135885361520,311769,6P-IT,747712.0,1035264.0,955840.0
495,864691136390099728,344448,6P-CT,805120.0,1031168.0,944800.0
496,864691135473453362,274191,6P-IT,718336.0,971456.0,985640.0
497,864691135939114293,344573,6P-IT,814848.0,1021504.0,993640.0
498,864691135941293057,309270,6P-CT,764928.0,972224.0,909200.0
499,864691135361548615,269471,5P-IT,680704.0,838592.0,886680.0
500,864691135456165738,311832,6P-CT,724032.0,1048576.0,996480.0
501,864691136484364844,269476,6P-IT,683968.0,857216.0,885200.0
502,864691135271282085,298704,4P,768832.0,668416.0,807040.0
503,864691135868334870,309151,6P-CT,752256.0,974912.0,903560.0
504,864691136523033233,305228,5P-IT,765696.0,839552.0,913800.0
505,864691135430131760,304979,6P-CT,763008.0,885760.0,868480.0
506,864691135587666812,292951,23P,749248.0,444928.0,905280.0
507,864691136619529179,256471,23P,718016.0,449408.0,835440.0
508,864691135989943040,260705,4P,690816.0,588480.0,888200.0
509,864691135464162366,294498,23P,754368.0,572032.0,823840.0
510,864691135455507818,260598,4P,678144.0,618176.0,866080.0
511,864691135760050254,294359,23P,727168.0,562240.0,811560.0
512,864691135569363948,309427,6P-CT,781824.0,1000704.0,942120.0
513,864691135659140738,274161,6P-IT,708608.0,986432.0,973920.0
514,864691135209280633,395199,4P,941440.0,626304.0,968040.0
515,864691135741090196,366070,4P,895616.0,665664.0,947800.0
516,864691135134016928,227818,4P,644352.0,663872.0,776040.0
517,864691135698922005,392879,4P,949248.0,565952.0,877240.0
518,864691136335276211,227603,4P,614592.0,683264.0,737840.0
519,864691135773731403,344319,6P-CT,798464.0,979840.0,917200.0
520,864691135360346200,330167,4P,786624.0,590400.0,808800.0
521,864691136372047496,363954,4P,904960.0,594240.0,988840.0
522,864691135060020123,332531,4P,820352.0,659136.0,747920.0
523,864691135583172717,363613,4P,869568.0,623872.0,894320.0
524,864691136725093373,194320,4P,556992.0,648704.0,737440.0
525,864691136052738803,260839,4P,708480.0,627840.0,929360.0
526,864691136674492295,396875,4P,933504.0,672704.0,880840.0
527,864691135430275120,228126,4P,638976.0,647296.0,826160.0
528,864691135997332650,258360,23P,686848.0,513344.0,891600.0
529,864691135464302493,428284,4P,992192.0,643072.0,837720.0
530,864691136420195223,428755,4P,990272.0,653056.0,961520.0
531,864691135927381774,194600,4P,541120.0,661056.0,803800.0
532,864691135810905036,296265,4P,726336.0,625024.0,763600.0
533,864691135996158378,192061,4P,556288.0,619200.0,746760.0
534,864691135640398651,363582,4P,914432.0,586624.0,871400.0
535,864691135779020221,330154,4P,849152.0,635968.0,760480.0
536,864691135595040043,426184,4P,983360.0,628672.0,878320.0
537,864691136420303511,298502,4P,738176.0,680896.0,765120.0
538,864691136424439855,332599,4P,790016.0,672000.0,765360.0
539,864691136523118481,261962,4P,684928.0,670976.0,707040.0
540,864691135990009600,365890,4P,900672.0,687040.0,882080.0
541,864691135976105839,425514,4P,986496.0,590272.0,736520.0
542,864691135386899029,263132,4P,689152.0,668992.0,959400.0
543,864691136033332155,333112,4P,786048.0,644544.0,901560.0
544,864691135874914702,225650,4P,590144.0,603712.0,741080.0
545,864691135741965931,396289,4P,959680.0,653632.0,738600.0
546,864691135430486576,363868,4P,905728.0,626432.0,940360.0
547,864691135583352941,426535,4P,1000640.0,575616.0,972160.0
548,864691136136240011,426425,4P,997504.0,601088.0,938880.0
549,864691136311381338,425858,4P,990400.0,576384.0,798600.0
550,864691137055405174,366062,4P,887936.0,682240.0,937440.0
551,864691135885635952,309345,6P-IT,734464.0,1003136.0,935560.0
552,864691135726077611,426103,4P,1007104.0,595520.0,867000.0
553,864691135943593332,292712,23P,728192.0,462336.0,853200.0
554,864691136057790424,306954,6P-IT,722176.0,926464.0,896200.0
555,864691136313301565,298773,4P,723136.0,682816.0,816640.0
556,864691136372039560,303089,5P-IT,755776.0,824640.0,865560.0
557,864691136228723281,304986,5P-NP,768576.0,846464.0,853520.0
558,864691135562052065,258213,23P,679552.0,572224.0,824000.0
559,864691135417313722,260722,23P,702464.0,577984.0,875240.0
560,864691136674327431,258226,23P,697984.0,538816.0,839800.0
561,864691136991359893,296650,4P,755328.0,590080.0,860760.0
562,864691135335937513,296634,4P,747456.0,607616.0,863800.0
563,864691137055367798,296666,4P,763008.0,606464.0,847520.0
564,864691134941495395,294540,23P,724800.0,571392.0,871120.0
565,864691136033227451,296482,23P,721280.0,583744.0,842280.0
566,864691135430290480,258390,23P,709312.0,545728.0,897200.0
567,864691135741930603,258382,23P,705856.0,534208.0,897800.0
568,864691135157210468,260526,4P,692736.0,628544.0,818120.0
569,864691135996177834,296783,4P,759168.0,620992.0,896280.0
570,864691135576881950,260618,4P,692032.0,603840.0,853280.0
571,864691135782542416,294651,23P,728768.0,543616.0,897040.0
572,864691135591664907,296762,4P,747968.0,610048.0,901640.0
573,864691136438469534,256439,23P,688384.0,445888.0,829440.0
574,864691135725842603,296513,4P,736640.0,622272.0,834240.0
575,864691135941300993,262800,4P,690944.0,651456.0,872440.0
576,864691136021865976,296641,4P,752448.0,604160.0,858280.0
577,864691135990004992,262699,4P,705344.0,652416.0,813200.0
578,864691135916843366,299069,4P,750144.0,655744.0,895640.0
579,864691135576872222,296742,4P,733824.0,598272.0,900400.0
580,864691135920381616,309382,6P-IT,758080.0,1010688.0,959160.0
581,864691136052688115,298863,4P,723648.0,659840.0,860840.0
582,864691135375351369,296725,4P,723200.0,613504.0,888480.0
583,864691135211568576,296532,4P,748544.0,616000.0,816280.0
584,864691135868386070,296745,4P,738304.0,604160.0,873560.0
585,864691134886335738,260727,23P,705152.0,575424.0,895760.0
586,864691135569592300,298791,4P,733440.0,677504.0,824760.0
587,864691135838788755,296377,4P,730368.0,604416.0,809880.0
588,864691135157198692,260700,23P,686208.0,576448.0,874960.0
589,864691135782506832,260621,4P,699904.0,627520.0,867080.0
590,864691134966025503,296397,4P,740992.0,597440.0,806120.0
591,864691135976063855,298917,4P,740928.0,657216.0,856400.0
592,864691135878468435,256339,23P,702016.0,455424.0,811200.0
593,864691135839932307,291124,23P,768640.0,410752.0,841600.0
594,864691135503344477,296416,4P,756736.0,604864.0,805680.0
595,864691135779683261,291203,23P,763968.0,435840.0,846480.0
596,864691135727907391,255212,23P,689920.0,433216.0,874920.0
597,864691135518283475,258113,23P,681280.0,531968.0,809000.0
598,864691134949081852,260855,4P,720256.0,622976.0,901480.0
599,864691135727925311,291342,23P,766528.0,416128.0,875960.0
600,864691135465113157,260842,4P,712064.0,619264.0,905160.0
601,864691136274488254,296533,4P,749824.0,633984.0,830080.0
602,864691136742244188,296511,4P,735104.0,593280.0,824440.0
603,864691136523081105,296741,4P,734080.0,619520.0,873880.0
604,864691135725920939,260504,4P,673024.0,605568.0,833640.0
605,864691135865774206,260624,4P,702784.0,606912.0,846280.0
606,864691135431654960,292678,23P,762880.0,500288.0,832360.0
607,864691135774307659,292744,23P,756800.0,451392.0,852000.0
608,864691136211325884,292671,23P,753408.0,456320.0,842360.0
609,864691135738995588,291176,23P,749440.0,433216.0,864280.0
610,864691135611019015,260729,4P,706176.0,622336.0,899800.0
611,864691135892202633,256469,23P,716864.0,443904.0,824520.0
612,864691135892214409,291299,23P,725952.0,411840.0,899680.0
613,864691135342541509,260555,4P,712960.0,595008.0,818200.0
614,864691136012739747,260632,4P,707456.0,626688.0,860440.0
615,864691135741963627,296619,4P,737152.0,620224.0,858200.0
616,864691136085781356,262775,4P,674112.0,654912.0,868840.0
617,864691135060094107,262879,4P,675904.0,642688.0,897680.0
618,864691135396794101,258220,23P,691776.0,568128.0,821960.0
619,864691136953631711,309280,6P-IT,771968.0,1024960.0,927880.0
620,864691136177726726,256625,23P,698816.0,463232.0,893080.0
621,864691135473540914,299074,4P,755520.0,696192.0,896200.0
622,864691135583223405,262956,4P,712320.0,702464.0,877960.0
623,864691135955262472,299073,4P,755712.0,691136.0,882160.0
624,864691135583277677,262825,4P,712640.0,700544.0,857120.0
625,864691135777381805,401824,6P-IT,966080.0,833088.0,905520.0
626,864691136144674612,258307,23P,699776.0,550592.0,844520.0
627,864691135308295238,267206,5P-IT,717376.0,808896.0,848320.0
628,864691135739689073,256676,23P,720128.0,447680.0,894480.0
629,864691135341516741,404260,6P-CT,966912.0,837440.0,983360.0
630,864691135868946966,312043,6P-IT,779904.0,1049472.0,1008160.0
631,864691135720245297,311964,6P-CT,733696.0,1058688.0,1003480.0
632,864691136275729677,311845,6P-IT,733248.0,1047488.0,983680.0
633,864691134990435194,307176,6P-IT,727936.0,916160.0,949400.0
634,864691135465643333,309627,6P-IT,742144.0,1020608.0,1008280.0
635,864691136136838027,271766,6P-CT,700352.0,919680.0,926640.0
636,864691135646353391,344442,6P-IT,798016.0,1002560.0,950640.0
637,864691135892048777,255215,23P,699520.0,439680.0,892680.0
638,864691135209715577,347197,6P-IT,813632.0,1039296.0,1009600.0
639,864691135867532933,307112,6P-IT,748416.0,941888.0,920200.0
640,864691136675220103,274275,6P-IT,714816.0,1018752.0,1009680.0
641,864691136489262866,344547,6P-CT,795136.0,990592.0,976440.0
642,864691136523628945,309227,6P-IT,737536.0,1031744.0,925520.0
643,864691135773724747,309329,6P-CT,724160.0,1002624.0,958400.0
644,864691135867561349,311807,6P-IT,772864.0,1033280.0,951720.0
645,864691136033794747,346889,6P-CT,799744.0,1043200.0,952440.0
646,864691135083619831,274181,6P-IT,714176.0,997376.0,991840.0
647,864691135943149428,347172,6P-IT,794816.0,1057920.0,1021040.0
648,864691135465585221,311953,6P-IT,727808.0,1034496.0,1015800.0
649,864691135989136899,344331,6P-IT,803264.0,1029824.0,919200.0
650,864691135726340523,307206,6P-IT,747200.0,926848.0,955360.0
651,864691136145208372,309541,6P-IT,771200.0,1004288.0,969360.0
652,864691135417827770,271776,6P-IT,703808.0,958208.0,929760.0
653,864691136125985318,309264,6P-IT,762176.0,1021952.0,930760.0
654,864691136742708828,344421,6P-IT,786560.0,1003776.0,956640.0
655,864691136177029382,271778,6P-IT,704256.0,928064.0,913800.0
656,864691136086206316,264843,5P-IT,712128.0,764736.0,826320.0
657,864691135659358850,580988,23P,1374976.0,410496.0,825400.0
658,864691135356708303,307066,5P-ET,785280.0,901120.0,886600.0
659,864691135105879117,337966,5P-ET,814080.0,778048.0,919640.0
660,864691136674080135,256561,23P,720448.0,478080.0,851760.0
661,864691135293096118,300401,5P-IT,738816.0,721216.0,708480.0
662,864691135739008132,291119,23P,747456.0,439680.0,829680.0
663,864691136420378007,430555,5P-ET,989184.0,765888.0,857880.0
664,864691135155894884,256576,23P,661632.0,466688.0,881280.0
665,864691135346685855,192536,4P,585344.0,609600.0,802960.0
666,864691136040834558,225820,4P,592768.0,621376.0,765840.0
667,864691137199050049,194481,4P,558720.0,672192.0,761040.0
668,864691135570791558,395176,4P,926208.0,576576.0,973400.0
669,864691136086088556,361588,4P,864960.0,571072.0,912000.0
670,864691136905203378,427884,4P,984064.0,655488.0,727760.0
671,864691136363473634,428164,4P,988992.0,664704.0,787480.0
672,864691136107486169,424084,4P,996800.0,560320.0,891360.0
673,864691136092725684,296556,4P,774016.0,588672.0,825880.0
674,864691135342848433,194171,4P,560256.0,683264.0,714720.0
675,864691136311529306,425525,4P,989952.0,610304.0,731200.0
676,864691135101595680,298610,4P,777664.0,680512.0,760320.0
677,864691135134114976,428660,4P,1009280.0,647168.0,929080.0
678,864691136196338764,366165,4P,888960.0,641280.0,973680.0
679,864691136991606421,394228,4P,962176.0,581248.0,745240.0
680,864691134886569210,365589,4P,914112.0,669440.0,804560.0
681,864691136125433894,363529,4P,895168.0,585216.0,861840.0
682,864691135066958404,263209,4P,674048.0,656960.0,974400.0
683,864691135374981320,330802,4P,816576.0,625152.0,957160.0
684,864691135336113129,333227,4P,786560.0,657728.0,921280.0
685,864691135510593289,262604,4P,661504.0,673408.0,841760.0
686,864691135742102635,329860,4P,791296.0,625216.0,725040.0
687,864691136101516661,395083,4P,925504.0,623232.0,946440.0
688,864691136523335057,330597,4P,840128.0,623104.0,874160.0
689,864691135067066948,192925,4P,582592.0,617792.0,880360.0
690,864691135942924148,363826,4P,862272.0,625024.0,946760.0
691,864691136125457446,228115,4P,623808.0,667712.0,832400.0
692,864691135503163202,192995,4P,557056.0,626368.0,915680.0
693,864691135839248787,192020,4P,538688.0,629632.0,735120.0
694,864691135742189163,394030,4P,927936.0,607296.0,709000.0
695,864691135293605558,363677,4P,898560.0,630080.0,888000.0
696,864691135014696182,269596,6P-IT,692032.0,854016.0,926840.0
697,864691134966069023,329980,4P,839808.0,616960.0,728120.0
698,864691136975332380,227502,4P,612480.0,670208.0,711040.0
699,864691137199038273,262355,4P,702592.0,683008.0,771560.0
700,864691135591041291,222998,23P,644672.0,473984.0,919880.0
701,864691136914445809,292656,23P,744000.0,482560.0,830440.0
702,864691135726140843,260521,4P,689472.0,608832.0,831120.0
703,864691135617152361,301095,5P-IT,740608.0,741376.0,850200.0
704,864691135430356784,301112,5P-IT,761856.0,714688.0,859560.0
705,864691136210743740,264893,5P-IT,683648.0,761792.0,848960.0
706,864691136674495623,300955,5P-IT,742272.0,724160.0,819520.0
707,864691135572346349,264719,5P-IT,707264.0,721088.0,806080.0
708,864691135849300318,303002,5P-IT,767744.0,828096.0,829960.0
709,864691135351066583,256517,23P,686912.0,467264.0,848440.0
710,864691135346975135,303169,5P-IT,761408.0,800640.0,889080.0
711,864691135778288573,269380,6P-IT,672064.0,865152.0,861360.0
712,864691137055840886,306962,6P-CT,727296.0,946432.0,895920.0
713,864691136620192653,264932,5P-IT,713920.0,755328.0,844040.0
714,864691136991390869,335175,5P-IT,795520.0,755456.0,790520.0
715,864691135572576237,256638,23P,703168.0,465024.0,877000.0
716,864691136445215875,291110,23P,733312.0,433600.0,842280.0
717,864691136195400150,223037,23P,608128.0,444288.0,950880.0
718,864691135464263742,267165,5P-IT,679168.0,787456.0,860160.0
719,864691135763795510,363845,4P,880384.0,613056.0,952000.0
720,864691136579127060,232635,5P-ET,609088.0,796928.0,863880.0
721,864691135890695049,192278,4P,569792.0,619200.0,767160.0
722,864691135578360837,330600,4P,838272.0,602624.0,903760.0
723,864691135517376211,303216,5P-ET,751360.0,828928.0,907200.0
724,864691135405138670,397219,4P,923584.0,650752.0,986000.0
725,864691135503182685,267029,5P-ET,692032.0,823424.0,815640.0
726,864691135464714565,527784,5P-ET,1241536.0,760640.0,981000.0
727,864691135988742147,394760,4P,954496.0,632192.0,871400.0
728,864691135134155168,553216,23P,1283136.0,498624.0,777800.0
729,864691135773209163,299318,4P,767040.0,669184.0,946400.0
730,864691136523288465,330172,4P,792064.0,608896.0,797520.0
731,864691135157994084,301319,5P-IT,754944.0,715712.0,905160.0
732,864691136967703758,296207,4P,768256.0,601344.0,727280.0
733,864691136390183696,332199,4P,809408.0,672064.0,712600.0
734,864691135773208651,365621,4P,872576.0,694016.0,837760.0
735,864691136210847932,194361,4P,572544.0,662784.0,730240.0
736,864691136239460668,305068,6P-IT,759872.0,848000.0,895720.0
737,864691136091074615,330853,4P,848512.0,629056.0,951280.0
738,864691135640544571,303144,5P-ET,741056.0,792768.0,887520.0
739,864691135566168599,303095,5P-ET,766976.0,805760.0,864240.0
740,864691136391042167,296528,4P,744320.0,593152.0,837320.0
741,864691135272003237,292725,23P,740800.0,470976.0,861280.0
742,864691135948123745,267307,5P-ET,708480.0,789824.0,885080.0
743,864691135702061947,306978,6P-IT,742848.0,925760.0,903440.0
744,864691135941549825,306956,6P-IT,723008.0,927872.0,881720.0
745,864691135989149187,307006,6P-IT,754880.0,917504.0,880640.0
746,864691135335855337,195369,4P,546304.0,674048.0,970280.0
747,864691135970206821,556224,4P,1292544.0,596480.0,729160.0
748,864691135502902338,432201,6P-IT,1031552.0,820800.0,782640.0
749,864691135594817067,234165,6P-CT,597056.0,877248.0,773600.0
750,864691136603171281,457858,4P,1076928.0,579200.0,930680.0
751,864691135375590217,363867,4P,904192.0,618880.0,944680.0
752,864691136914541041,262996,4P,674816.0,702144.0,904800.0
753,864691135741659499,493796,4P,1158720.0,645056.0,991640.0
754,864691135741684075,612794,4P,1419968.0,570112.0,929240.0
755,864691135970497125,399355,5P-IT,919424.0,753216.0,930440.0
756,864691136119885080,361632,23P,897344.0,555456.0,912200.0
757,864691135498992403,612577,4P,1381440.0,571456.0,857400.0
758,864691135304679079,192966,4P,535104.0,609280.0,928760.0
759,864691135539491442,426596,4P,1030848.0,582912.0,976160.0
760,864691135101431072,256702,23P,663872.0,450880.0,915440.0
761,864691135477670312,396756,4P,944384.0,692672.0,867080.0
762,864691135740865684,520348,4P,1195712.0,570304.0,899240.0
763,864691136904488114,368011,5P-IT,917056.0,712128.0,869120.0
764,864691135927494158,394398,4P,935424.0,579520.0,784080.0
765,864691135209194617,391352,23P,980352.0,458176.0,958880.0
766,864691135868466710,333230,4P,787904.0,673152.0,908440.0
767,864691135408808649,324476,23P,799424.0,421824.0,951920.0
768,864691135408788169,298762,4P,780352.0,649472.0,781360.0
769,864691135511802576,587235,5P-IT,1346432.0,703104.0,726640.0
770,864691135772920651,459186,5P-IT,1068160.0,684480.0,732400.0
771,864691136090632503,493398,5P-ET,1156992.0,704192.0,882040.0
772,864691135700814114,234684,6P-CT,649216.0,875200.0,886320.0
773,864691135591854347,399282,5P-IT,934016.0,735488.0,899560.0
774,864691135970180709,222507,23P,628416.0,468288.0,765200.0
775,864691136380266965,426549,4P,1001664.0,598848.0,982040.0
776,864691135495698832,359237,23P,873408.0,508608.0,774280.0
777,864691136110256824,325900,23P,813376.0,448256.0,772560.0
778,864691136452602367,294431,23P,777856.0,537984.0,789000.0
779,864691135778414176,490761,4P,1145024.0,598272.0,806800.0
780,864691135586724220,335440,5P-IT,805568.0,730496.0,866640.0
781,864691135566155351,531133,5P-ET,1208896.0,780928.0,907040.0
782,864691135939008565,188961,23P,574464.0,504256.0,890960.0
783,864691135578146565,396122,5P-IT,941312.0,682944.0,713680.0
784,864691136420279191,256935,23P,681600.0,458304.0,977680.0
785,864691135919749808,309269,6P-CT,764736.0,983168.0,929520.0
786,864691136742372956,309483,6P-CT,744000.0,1002816.0,994400.0
787,864691135738266500,309258,6P-CT,756928.0,997568.0,931080.0
788,864691135585503864,309563,6P-IT,780992.0,999808.0,984400.0
789,864691136195537366,309393,6P-CT,766528.0,1016320.0,964280.0
790,864691135763362102,298828,4P,767104.0,703296.0,816160.0
791,864691135970292837,309640,6P-IT,751488.0,1031744.0,1015040.0
792,864691135510267401,344555,6P-CT,798016.0,1001856.0,989440.0
793,864691135970293349,344436,6P-IT,794304.0,1003456.0,965320.0
794,864691136287879619,309296,6P-CT,781504.0,970048.0,928920.0
795,864691135970293605,307141,6P-CT,774272.0,944448.0,920360.0
796,864691136363161570,342231,6P-IT,789504.0,951616.0,923320.0
797,864691135469807954,307069,6P-CT,785536.0,916672.0,875640.0
798,864691135763364662,309405,6P-IT,772352.0,985664.0,959400.0
799,864691135594982187,262673,4P,687616.0,665216.0,830880.0
800,864691135842486243,294715,23P,761280.0,539968.0,878000.0
801,864691135838916755,258216,23P,686592.0,511616.0,823760.0
802,864691135409940425,294860,23P,770880.0,524928.0,905000.0
803,864691136137237899,258222,23P,693504.0,523008.0,828000.0
804,864691135276504549,256519,23P,687488.0,467456.0,860360.0
805,864691135853055175,256473,23P,719552.0,466752.0,820360.0
806,864691136238679567,258352,23P,676608.0,540544.0,881120.0
807,864691135417307322,309220,6P-IT,734272.0,972288.0,931080.0
808,864691135694421439,304981,6P-IT,763712.0,876288.0,852560.0
809,864691135014681590,306964,6P-IT,729344.0,924160.0,889640.0
810,864691136195901772,342233,6P-CT,792896.0,914048.0,916240.0
811,864691135447312274,301224,5P-IT,755328.0,717632.0,890880.0
812,864691135123833127,307237,6P-IT,776768.0,939712.0,955880.0
813,864691135942730612,307234,6P-CT,769664.0,950720.0,954440.0
814,864691135773240571,307067,6P-IT,785024.0,943680.0,881760.0
815,864691136335213235,271901,6P-CT,720000.0,907456.0,948960.0
816,864691135591726603,299071,4P,748864.0,704256.0,898240.0
817,864691135782330192,342338,6P-IT,796032.0,944960.0,960720.0
818,864691134949041148,309331,6P-IT,728000.0,1002304.0,939920.0
819,864691135948150625,342244,6P-CT,802624.0,960512.0,934800.0
820,864691135133991072,309384,6P-CT,759744.0,971648.0,959320.0
821,864691135838738579,271889,6P-CT,711360.0,947328.0,963840.0
822,864691135866279900,309253,6P-CT,750528.0,973952.0,913640.0
823,864691136904967346,272001,6P-CT,710848.0,954944.0,971640.0
824,864691136596177570,307130,6P-CT,760832.0,936960.0,927280.0
825,864691135684809458,309459,6P-IT,726720.0,1007488.0,984800.0
826,864691135786943684,305227,6P-CT,761856.0,896704.0,919800.0
827,864691136906067890,256600,23P,676032.0,503488.0,889680.0
828,864691136926764362,307035,6P-IT,765056.0,942528.0,873920.0
829,864691136814508659,262816,4P,705024.0,695488.0,866200.0
830,864691135919956656,294565,23P,744640.0,545920.0,854160.0
831,864691135493665631,298956,4P,766464.0,647680.0,869640.0
832,864691134918921738,296928,4P,769088.0,594752.0,904760.0
833,864691135209432185,260603,23P,680768.0,591936.0,853400.0
834,864691135760106830,296734,4P,727680.0,619520.0,903160.0
835,864691135465343045,296668,4P,764352.0,637440.0,868360.0
836,864691135384292843,296661,4P,757632.0,612032.0,859680.0
837,864691135939017525,262782,4P,681216.0,654656.0,853400.0
838,864691135976028015,307312,6P-IT,756800.0,965824.0,977040.0
839,864691136042515798,342111,6P-IT,794880.0,939840.0,898240.0
840,864691135234582361,309396,6P-CT,769088.0,998912.0,956880.0
841,864691135059954075,309579,6P-IT,785216.0,968768.0,974040.0
842,864691135566274391,273961,6P-CT,716032.0,973120.0,924960.0
843,864691136311451226,307078,6P-IT,726656.0,915008.0,909360.0
844,864691135360300632,304994,6P-IT,773120.0,879680.0,857960.0
845,864691135817195343,269576,6P-IT,686912.0,867008.0,920320.0
846,864691135324437916,269714,6P-IT,706304.0,894272.0,935320.0
847,864691135778465376,342110,6P-IT,793792.0,952064.0,894920.0
848,864691135993274305,309206,6P-IT,728448.0,982912.0,923720.0
849,864691134949095932,309514,6P-IT,758912.0,998784.0,981680.0
850,864691136484415020,307172,6P-IT,720512.0,965312.0,964120.0
851,864691135763549238,307081,6P-IT,729600.0,913344.0,929280.0
852,864691136603306193,307203,6P-IT,745792.0,911424.0,939560.0
853,864691135868415766,305238,5P-NP,773568.0,855232.0,922400.0
854,864691136814627955,298831,4P,769600.0,680640.0,837560.0
855,864691136452609023,264776,5P-IT,676992.0,742720.0,831160.0
856,864691135491891559,271698,6P-CT,713024.0,951424.0,900440.0
857,864691135503367517,305136,6P-CT,721856.0,876224.0,917880.0
858,864691135511977680,296611,4P,730112.0,599232.0,851600.0
859,864691135510406921,296743,4P,737728.0,590208.0,881600.0
860,864691136975300636,227723,4P,645248.0,651520.0,730560.0
861,864691135468948364,394538,4P,937664.0,609344.0,836320.0
862,864691135619294351,365663,4P,901248.0,644416.0,816440.0
863,864691136195526120,394342,4P,967680.0,604864.0,772080.0
864,864691136274546622,425602,4P,1012672.0,575616.0,723400.0
865,864691135527555163,228195,4P,608320.0,678400.0,854400.0
866,864691135342585541,363596,4P,856576.0,600832.0,892280.0
867,864691135977309763,225873,4P,629184.0,614016.0,757320.0
868,864691136120159768,227896,4P,595264.0,644480.0,794320.0
869,864691136138131325,394533,4P,934848.0,578304.0,835480.0
870,864691135276505573,194599,4P,540096.0,642240.0,809360.0
871,864691135209369465,330340,4P,845312.0,588224.0,814360.0
872,864691136125411622,192545,4P,588160.0,616192.0,791760.0
873,864691135617440105,264217,4P,675264.0,710976.0,730520.0
874,864691135134052512,260154,4P,690624.0,590528.0,760400.0
875,864691135346571423,396693,4P,960960.0,653440.0,827760.0
876,864691135386963541,363820,4P,858816.0,628800.0,936080.0
877,864691136523216017,296154,4P,741248.0,624320.0,746520.0
878,864691136025504569,227810,4P,635776.0,669824.0,761960.0
879,864691135499231763,298548,4P,757184.0,654592.0,765960.0
880,864691135336055529,226093,4P,617792.0,630144.0,820960.0
881,864691136101464181,363900,4P,860736.0,575936.0,978280.0
882,864691135885623408,307021,6P-IT,759872.0,958080.0,895320.0
883,864691135927533070,309351,6P-IT,743424.0,974464.0,943840.0
884,864691135430749232,226288,4P,606784.0,631744.0,884720.0
885,864691136489080850,194310,4P,548800.0,682688.0,736160.0
886,864691135756319186,396252,4P,936256.0,647040.0,740120.0
887,864691135877951571,332773,4P,817536.0,685056.0,803720.0
888,864691135853091015,298812,4P,756672.0,673088.0,831120.0
889,864691136136383883,428864,4P,1004864.0,652224.0,989600.0
890,864691135417443514,296113,4P,722624.0,601280.0,742120.0
891,864691135731889337,362959,4P,895680.0,588288.0,781280.0
892,864691135417478842,225881,4P,633344.0,612480.0,777360.0
893,864691135662059248,260489,4P,660608.0,627968.0,838080.0
894,864691135947629348,194731,4P,586304.0,685696.0,784480.0
895,864691135662059760,395147,4P,974208.0,608064.0,965520.0
896,864691135576991518,362932,4P,881472.0,605120.0,778840.0
897,864691135646147567,194975,4P,579648.0,691712.0,869840.0
898,864691135970210661,267193,5P-IT,700416.0,792832.0,849200.0
899,864691135274038801,294510,23P,768640.0,561344.0,827720.0
900,864691136967478222,303138,5P-IT,734720.0,772160.0,894680.0
901,864691135430346544,301122,5P-IT,771584.0,768128.0,854680.0
902,864691136238090767,264846,5P-IT,714624.0,732096.0,823560.0
903,864691135885406064,303087,5P-IT,755584.0,798272.0,842680.0
904,864691135720061233,302840,5P-IT,742656.0,800768.0,806400.0
905,864691136603221201,426330,4P,1011008.0,629120.0,920280.0
906,864691136596107938,193069,23P,548672.0,577600.0,963240.0
907,864691136619882637,614235,5P-IT,1422976.0,634176.0,777360.0
908,864691135464787525,490689,4P,1168704.0,636288.0,774320.0
909,864691135655472066,262057,4P,668672.0,640384.0,736960.0
910,864691136010028974,493333,5P-IT,1124032.0,685696.0,882000.0
911,864691136135963787,422097,23P,988352.0,459520.0,821760.0
912,864691135778187360,522520,4P,1215040.0,638144.0,907360.0
913,864691136298045979,492688,5P-IT,1127360.0,663040.0,723000.0
914,864691135763941174,223016,23P,654720.0,445568.0,927880.0
915,864691135810982860,260895,4P,680128.0,627648.0,956920.0
916,864691136228538961,493375,4P,1146816.0,643840.0,884360.0
917,864691135066892868,326237,23P,827648.0,478528.0,861080.0
918,864691135273918993,553219,23P,1285824.0,461952.0,756760.0
919,864691135763495478,485867,23P,1137728.0,430016.0,964880.0
920,864691136391034487,299043,4P,736704.0,663040.0,891360.0
921,864691135763447862,274195,6P-CT,721024.0,974656.0,978880.0
922,864691135989998080,307074,6P-CT,722880.0,949440.0,905320.0
923,864691136488621842,307239,6P-CT,779776.0,954176.0,961440.0
924,864691136579217172,309421,6P-IT,778880.0,1021888.0,956760.0
925,864691135738953860,294504,23P,763456.0,511744.0,829080.0
926,864691136010027182,303158,5P-IT,753536.0,774464.0,881240.0
927,864691136228491601,294589,23P,766144.0,574208.0,859240.0
928,864691136438717086,262946,4P,707456.0,673344.0,891400.0
929,864691136674749575,291175,23P,750016.0,411584.0,866240.0
930,864691135662802416,262889,4P,684800.0,659968.0,891160.0
931,864691136288644291,264990,5P-IT,680704.0,712320.0,893680.0
932,864691135448215698,299072,4P,751360.0,678592.0,890280.0
933,864691135717299738,262700,4P,708032.0,688704.0,820400.0
934,864691136381243349,296803,23P,770944.0,582080.0,882920.0
935,864691135656664770,262419,4P,681536.0,670656.0,811880.0
936,864691135562048225,274060,6P-IT,715584.0,1023808.0,956120.0
937,864691135778331232,305255,6P-IT,782336.0,880512.0,934040.0
938,864691135476311616,262809,4P,697216.0,656384.0,853000.0
939,864691135646017007,300986,5P-IT,758208.0,713728.0,822640.0
940,864691135546339880,264934,5P-IT,713664.0,706368.0,845320.0
941,864691135868435734,271696,6P-CT,706048.0,965696.0,889200.0
942,864691135808925981,298437,4P,770880.0,655936.0,746760.0
943,864691134886499066,394229,4P,963264.0,615168.0,741160.0
944,864691136085904236,296262,4P,719872.0,605312.0,758120.0
945,864691136110366904,332859,4P,849024.0,700800.0,794400.0
946,864691135741197716,262872,4P,676032.0,690176.0,893400.0
947,864691136010639022,296987,4P,740864.0,622784.0,940320.0
948,864691136619939213,342241,6P-IT,803072.0,961664.0,913920.0
949,864691135948238177,309239,6P-CT,741696.0,999296.0,921840.0
950,864691135702298491,305290,6P-IT,739712.0,892096.0,935640.0
951,864691136125440038,227555,4P,644288.0,648704.0,706960.0
952,864691136954050527,299018,4P,721408.0,700416.0,882240.0
953,864691135470154834,305105,6P-IT,771328.0,852096.0,901520.0
954,864691135518989962,359672,23P,854784.0,473792.0,935280.0
955,864691136445249923,518969,23P,1194048.0,477760.0,975200.0
956,864691135271081125,391336,23P,965248.0,456128.0,965160.0
957,864691134989865338,361751,23P,856256.0,519424.0,974720.0
958,864691135468854156,581093,23P,1326336.0,397696.0,903720.0
959,864691136117695908,456175,4P,1099968.0,565760.0,966080.0
960,864691135347725215,294505,23P,764480.0,537728.0,825960.0
961,864691135782265424,612250,23P,1385344.0,520128.0,774520.0
962,864691135308553030,434406,6P-IT,1020928.0,845056.0,890120.0
963,864691135397982753,459250,5P-IT,1099456.0,684992.0,741880.0
964,864691135779705021,296728,23P,724928.0,578048.0,879840.0
965,864691136445557123,228219,4P,623552.0,675136.0,866480.0
966,864691135476495936,296510,4P,733888.0,620736.0,822880.0
967,864691135760319822,262534,4P,701696.0,664640.0,809120.0
968,864691134949248508,301192,5P-IT,730048.0,731712.0,894600.0
969,864691135640672571,264751,5P-IT,719424.0,711616.0,810920.0
970,864691136489147922,298868,5P-IT,722496.0,702784.0,871280.0
971,864691136210885820,262417,4P,681088.0,691520.0,806280.0
972,864691136010068652,299027,4P,729344.0,689600.0,882640.0
973,864691134949263100,265033,5P-IT,705408.0,728000.0,875840.0
974,864691135360482392,300796,5P-IT,741760.0,708416.0,805920.0
975,864691135585713528,262891,5P-IT,686016.0,689984.0,895840.0
976,864691134941824611,262799,4P,691776.0,694272.0,854800.0
977,864691135324623260,264889,5P-IT,680448.0,721408.0,851680.0
978,864691135339600102,298772,5P-IT,720192.0,697152.0,827360.0
979,864691134966114591,260109,4P,665792.0,604032.0,777600.0
980,864691135662070512,365661,4P,900992.0,654016.0,814320.0
981,864691136664127454,226449,4P,649792.0,637760.0,922800.0
982,864691135890948233,194684,4P,565504.0,701504.0,808680.0
983,864691135396115189,305051,6P-IT,738368.0,888640.0,877520.0
984,864691135347733151,296724,4P,720576.0,619392.0,886080.0
985,864691135955477512,304963,6P-IT,732672.0,882432.0,860080.0
986,864691135465571653,304955,6P-IT,727168.0,874560.0,850880.0
987,864691135388545921,307010,6P-IT,757888.0,906624.0,881720.0
988,864691135742365803,269325,6P-IT,692672.0,871168.0,839440.0
989,864691135465583685,306959,6P-IT,723904.0,906560.0,903160.0
990,864691135384344043,260222,4P,720256.0,618048.0,751400.0
991,864691135490505018,298944,4P,759488.0,653888.0,851120.0
992,864691135368949241,225880,4P,633024.0,595456.0,752480.0
993,864691136924515300,358984,23P,870080.0,455616.0,746560.0
994,864691135489836346,489411,23P,1162048.0,543360.0,989320.0
995,864691135849426270,430233,5P-IT,994368.0,709120.0,782640.0
996,864691135990134784,260740,4P,710208.0,588480.0,887000.0
997,864691136424640047,302975,5P-IT,752960.0,822208.0,826200.0
998,864691134949350652,296681,4P,770880.0,593728.0,856560.0
999,864691134919403530,296615,4P,734400.0,616512.0,849440.0
1000,864691136313406781,260682,4P,670016.0,630272.0,886480.0
1001,864691135941435393,296547,4P,759488.0,612736.0,820560.0
1002,864691135210358137,298934,4P,751552.0,694528.0,860840.0
1003,864691134949221372,224188,23P,644672.0,553216.0,787920.0
1004,864691135211756736,307058,6P-IT,779904.0,949440.0,878080.0
1005,864691135662825456,260450,4P,704128.0,595968.0,812400.0
1006,864691135389195393,262885,4P,680064.0,641344.0,878400.0
1007,864691135877954899,267260,5P-IT,679296.0,776640.0,894360.0
1008,864691135375107272,261949,4P,677504.0,672384.0,711160.0
1009,864691135067181124,304846,5P-IT,726272.0,840448.0,841280.0
1010,864691135755384269,262787,4P,684032.0,693696.0,858480.0
1011,864691135342823877,269320,5P-IT,688576.0,842752.0,836200.0
1012,864691136742470492,264851,5P-ET,720320.0,766720.0,815720.0
1013,864691135398868257,262881,4P,678784.0,676928.0,882160.0
1014,864691136425073455,269402,5P-IT,689920.0,845248.0,872840.0
1015,864691136579434260,269406,6P-IT,698432.0,856128.0,851120.0
1016,864691135274195217,256766,23P,708800.0,458496.0,904600.0
1017,864691135742247787,298800,4P,742400.0,667008.0,830000.0
1018,864691135939049988,296761,4P,746880.0,612224.0,891720.0
1019,864691135430859056,300969,5P-IT,747072.0,715264.0,816200.0
1020,864691135455875690,309561,6P-IT,779968.0,988352.0,976680.0
1021,864691136042688854,307343,6P-CT,780480.0,951680.0,976240.0
1022,864691135727278655,309352,6P-IT,745024.0,1021248.0,943640.0
1023,864691135817419343,269609,6P-CT,701376.0,868480.0,913560.0
1024,864691136579358228,269613,6P-CT,706304.0,873792.0,918200.0
1025,864691135778604640,309526,6P-CT,763520.0,1016768.0,974120.0
1026,864691135787093956,342105,6P-CT,789760.0,955328.0,888960.0
1027,864691135852558279,307221,6P-CT,759936.0,960576.0,962520.0
1028,864691136967985870,307178,6P-CT,728832.0,913280.0,940720.0
1029,864691136725353725,309661,6P-IT,774528.0,1030592.0,1000840.0
1030,864691136021997560,306976,6P-IT,743872.0,955968.0,887840.0
1031,864691135476581440,273837,6P-IT,715584.0,978496.0,896600.0
1032,864691135527713115,306984,6P-IT,749568.0,942592.0,876240.0
1033,864691135993615041,309153,6P-CT,756224.0,973824.0,896600.0
1034,864691136927119946,307049,6P-CT,771008.0,946944.0,894640.0
1035,864691135350420951,269498,6P-CT,699520.0,885760.0,875280.0
1036,864691135083577335,271687,6P-IT,700864.0,914112.0,884400.0
1037,864691135773640699,271690,6P-CT,702464.0,954240.0,889360.0
1038,864691136905458866,305061,6P-CT,752448.0,849600.0,885960.0
1039,864691135503293250,271688,6P-CT,701632.0,940416.0,884320.0
1040,864691135369002233,305184,6P-CT,740416.0,889600.0,904800.0
1041,864691135510846217,305032,6P-CT,728256.0,884352.0,875160.0
1042,864691135447540882,304978,6P-CT,759616.0,849152.0,873360.0
1043,864691135866223998,306977,6P-IT,744768.0,925824.0,885720.0
1044,864691135764062006,307009,6P-CT,755456.0,944640.0,889800.0
1045,864691136010928046,302998,5P-IT,763712.0,788736.0,824800.0
1046,864691135448127572,267188,5P-NP,693504.0,824512.0,864520.0
1047,864691136523472529,301116,5P-IT,763712.0,732864.0,860000.0
1048,864691135398243105,267102,5P-IT,718720.0,805632.0,817040.0
1049,864691135868919318,267163,5P-IT,679552.0,825664.0,866600.0
1050,864691135646292719,267007,5P-IT,676800.0,787712.0,816400.0
1051,864691135716679194,267266,5P-IT,680384.0,825600.0,883240.0
1052,864691136927187786,267197,5P-IT,703872.0,823616.0,871720.0
1053,864691136195652328,266869,5P-IT,694592.0,774080.0,809800.0
1054,864691135324705692,300966,5P-IT,745792.0,708032.0,835160.0
1055,864691136196265704,260562,4P,718656.0,616768.0,818240.0
1056,864691135868684566,269472,5P-IT,680832.0,840448.0,900480.0
1057,864691135469215372,307091,6P-IT,732032.0,906048.0,905200.0
1058,864691136274695358,269488,5P-IT,692416.0,840832.0,897160.0
1059,864691135976425327,269709,6P-IT,700992.0,883776.0,942440.0
1060,864691135477839784,304951,6P-IT,725120.0,892160.0,855960.0
1061,864691135499283987,305173,6P-IT,731840.0,870208.0,921960.0
1062,864691135209715833,305181,6P-IT,736832.0,855872.0,917600.0
1063,864691135868957462,269491,6P-IT,693824.0,854272.0,902400.0
1064,864691136380718037,305059,6P-IT,748096.0,885376.0,888480.0
1065,864691136013161891,306979,6P-IT,744832.0,941120.0,904080.0
1066,864691135477841320,269409,5P-IT,704448.0,851136.0,858320.0
1067,864691135214643256,305138,6P-IT,725248.0,871616.0,930040.0
1068,864691135756630226,234459,5P-IT,623488.0,860544.0,821600.0
1069,864691135764015926,331122,4P,832704.0,624000.0,999720.0
1070,864691135839499155,307135,6P-CT,766848.0,921024.0,919760.0
1071,864691135989177347,274051,6P-CT,708992.0,986240.0,958440.0
1072,864691135777789357,292683,23P,766016.0,507264.0,811240.0
1073,864691136022090744,294496,23P,754048.0,520000.0,829920.0
1074,864691135214611512,273962,6P-IT,716416.0,968832.0,912960.0
1075,864691135756460754,274163,6P-IT,708480.0,984960.0,984280.0
1076,864691136913691121,307222,6P-IT,761728.0,948032.0,952840.0
1077,864691135211926464,262423,4P,685120.0,661120.0,808120.0
1078,864691135503350082,342230,6P-CT,789120.0,964160.0,909160.0
1079,864691135473961522,309388,6P-IT,765632.0,1015040.0,940400.0
1080,864691135294767884,309257,6P-CT,752448.0,1011776.0,921440.0
1081,864691135455819114,296873,4P,734912.0,629824.0,924440.0
1082,864691135405224174,395099,4P,940416.0,597376.0,963880.0
1083,864691135866576604,296727,4P,725184.0,603776.0,891360.0
1084,864691136196202472,258306,23P,697792.0,560768.0,871720.0
1085,864691136299034139,298815,4P,757248.0,681408.0,818160.0
1086,864691135388368001,262929,4P,695872.0,690688.0,901200.0
1087,864691135891467401,303067,5P-IT,746112.0,776000.0,849160.0
1088,864691136424704815,194726,4P,580800.0,681472.0,788160.0
1089,864691135492568551,260769,4P,657728.0,615104.0,907760.0
1090,864691135375767369,267195,5P-IT,703552.0,798592.0,854960.0
1091,864691135464995134,299041,4P,736064.0,692416.0,901080.0
1092,864691136210975676,426555,4P,1002624.0,584192.0,986280.0
1093,864691135569866988,194844,4P,573184.0,682560.0,834800.0
1094,864691136195834070,297074,4P,753856.0,597440.0,969040.0
1095,864691135375361480,304878,5P-IT,759552.0,876672.0,836800.0
1096,864691135619463567,392850,4P,918592.0,562816.0,877440.0
1097,864691135476528704,291464,23P,748736.0,441728.0,955800.0
1098,864691135809663773,307109,6P-CT,746176.0,903296.0,913120.0
1099,864691136239387708,307202,6P-IT,745920.0,930688.0,941080.0
1100,864691136742623580,307056,6P-IT,779264.0,930240.0,879640.0
1101,864691136125840678,306970,6P-CT,736000.0,912320.0,899320.0
1102,864691135503287618,260639,23P,712512.0,588672.0,864360.0
1103,864691135878061395,303164,5P-IT,755328.0,792896.0,904320.0
1104,864691135757040082,296550,4P,764544.0,619648.0,829000.0
1105,864691135183646466,309533,6P-CT,765696.0,980864.0,971800.0
1106,864691135465503813,302972,5P-ET,745088.0,777088.0,816480.0
1107,864691135685087474,256510,23P,676032.0,452160.0,869400.0
1108,864691135124146727,269595,6P-IT,691072.0,863296.0,913280.0
1109,864691136579408916,396676,4P,942208.0,654720.0,832520.0
1110,864691135473954354,305219,6P-IT,756416.0,856256.0,908400.0
1111,864691135773694795,298893,4P,733248.0,684544.0,869840.0
1112,864691135136735001,298806,4P,748544.0,644928.0,822520.0
1113,864691136274655166,260706,23P,690496.0,589632.0,896800.0
1114,864691136125956134,301216,5P-IT,747200.0,731840.0,885360.0
1115,864691136138335101,274050,6P-IT,705792.0,970624.0,964800.0
1116,864691135917047910,271873,6P-IT,698240.0,910592.0,953000.0
1117,864691135577208606,309375,6P-IT,751616.0,971264.0,965840.0
1118,864691135343097029,309205,6P-IT,723136.0,985856.0,934880.0
1119,864691135101824288,273952,6P-IT,707904.0,980352.0,910400.0
1120,864691135592276491,309240,6P-IT,743744.0,1022016.0,924760.0
1121,864691135939209988,309284,6P-IT,775360.0,1012288.0,929320.0
1122,864691135849610334,276555,6P-IT,720832.0,1037312.0,977280.0
1123,864691135917058150,307198,6P-IT,741056.0,942336.0,959400.0
1124,864691136107964377,344446,6P-IT,803328.0,1013696.0,959800.0
1125,864691135562519009,307153,6P-IT,784768.0,906304.0,911840.0
1126,864691135619527311,311752,6P-IT,730752.0,1051008.0,945360.0
1127,864691135849634142,307094,6P-CT,736640.0,941248.0,930480.0
1128,864691135361780551,311867,6P-IT,744832.0,1033664.0,967680.0
1129,864691135592283403,273959,6P-IT,715200.0,1001344.0,905680.0
1130,864691136274712254,307089,6P-IT,731648.0,928448.0,908800.0
1131,864691135842794979,307093,6P-IT,736832.0,952000.0,910280.0
1132,864691135662408944,269601,6P-CT,695808.0,852800.0,914760.0
1133,864691135431088176,311785,6P-IT,754688.0,1050368.0,959360.0
1134,864691135577221406,305199,6P-IT,746624.0,842048.0,913480.0
1135,864691135476769344,309171,6P-IT,773184.0,969856.0,901520.0
1136,864691135503439170,311693,6P-CT,764352.0,1039296.0,928120.0
1137,864691135476793920,344425,6P-CT,786752.0,993472.0,964640.0
1138,864691135583913069,271788,6P-CT,713088.0,955648.0,919560.0
1139,864691135431109168,273964,6P-IT,717696.0,996480.0,917040.0
1140,864691135396312821,309463,6P-CT,729152.0,998912.0,995400.0
1141,864691135388675969,305197,5P-IT,747072.0,857152.0,912440.0
1142,864691135271696549,305222,6P-IT,761280.0,886272.0,912680.0
1143,864691135686055351,305045,6P-IT,733760.0,855552.0,893560.0
1144,864691135480311494,269593,6P-IT,689856.0,887552.0,930120.0
1145,864691135701272610,304989,6P-IT,768960.0,899968.0,858880.0
1146,864691135431089968,305205,6P-IT,744960.0,882944.0,935080.0
1147,864691136041000190,306967,6P-IT,732736.0,928384.0,877520.0
1148,864691135388660865,305036,6P-IT,728832.0,875136.0,902040.0
1149,864691134919529994,269504,6P-CT,705664.0,847488.0,900480.0
1150,864691135212078784,267168,5P-IT,684928.0,778880.0,846360.0
1151,864691135503448898,306886,6P-IT,726720.0,911040.0,868000.0
1152,864691135849640798,296504,4P,729344.0,605568.0,840720.0
1153,864691135476790080,271569,6P-CT,712000.0,921856.0,864400.0
1154,864691135947876644,271899,6P-CT,718976.0,963584.0,943800.0
1155,864691135939462453,307027,6P-IT,761536.0,927936.0,887040.0
1156,864691135456207722,303035,5P-ET,726528.0,775296.0,867440.0
1157,864691136619096795,264997,5P-IT,685312.0,734848.0,882000.0
1158,864691136335553971,292751,23P,764992.0,445632.0,863000.0
1159,864691135868916246,228758,4P,647616.0,672192.0,973040.0
1160,864691136725343485,396528,4P,975808.0,660416.0,777680.0
1161,864691135562474977,264244,4P,684416.0,706496.0,739040.0
1162,864691134886828794,580905,23P,1333504.0,417664.0,802600.0
1163,864691136058023640,271702,6P-CT,718784.0,915968.0,880920.0
1164,864691135741458324,255117,23P,681344.0,439232.0,841360.0
1165,864691136006493898,260604,4P,681024.0,636928.0,862320.0
1166,864691135655894978,260536,4P,701248.0,595392.0,828920.0
1167,864691137055712630,225989,4P,631936.0,604864.0,807640.0
1168,864691135342958789,330815,4P,823296.0,603392.0,938080.0
1169,864691136211371452,298950,4P,763904.0,650880.0,848480.0
1170,864691135396115445,366186,4P,900864.0,644416.0,984760.0
1171,864691136196517452,261049,4P,719616.0,599680.0,973920.0
1172,864691135324725404,300823,5P-IT,755840.0,705728.0,806200.0
1173,864691136195798504,303174,5P-ET,768064.0,809792.0,904880.0
1174,864691136006519498,260742,4P,712384.0,635776.0,887880.0
1175,864691135809568029,394232,4P,964160.0,637760.0,726640.0
1176,864691136905560754,301225,5P-ET,755840.0,737664.0,881360.0
1177,864691135293678006,264822,5P-IT,700736.0,707264.0,842920.0
1178,864691135493031519,300907,5P-IT,729536.0,712576.0,816880.0
1179,864691135448212882,299064,4P,745472.0,686784.0,882120.0
1180,864691136025624889,309216,6P-CT,729856.0,1017408.0,935000.0
1181,864691135343081925,306968,6P-CT,731904.0,966976.0,894520.0
1182,864691135014600950,267454,5P-NP,720064.0,818368.0,911920.0
1183,864691135384404954,305109,5P-NP,778048.0,874496.0,885320.0
1184,864691136392254847,301031,5P-IT,765248.0,770752.0,822240.0
1185,864691135885663600,267203,5P-NP,713216.0,828800.0,858400.0
1186,864691135492991839,264941,5P-IT,719488.0,734336.0,869040.0
1187,864691136195906774,311978,6P-CT,744192.0,1071104.0,1009120.0
1188,864691135619541903,312018,6P-IT,763776.0,1060736.0,1021480.0
1189,864691136392355711,309498,6P-IT,753344.0,1024512.0,970720.0
1190,864691136118346148,309538,6P-IT,770688.0,1016320.0,985440.0
1191,864691136991901845,309418,6P-IT,777152.0,1002752.0,961160.0
1192,864691135183693826,309187,6P-CT,782976.0,966464.0,886240.0
1193,864691136380816597,262777,4P,676672.0,673920.0,845320.0
1194,864691136118337956,260817,4P,692416.0,625856.0,904320.0
1195,864691136118359716,300952,5P-IT,738880.0,760192.0,819960.0
1196,864691135119409885,311979,6P-IT,743296.0,1068288.0,1017120.0
1197,864691136274786494,312041,5P-NP,777664.0,1059776.0,1014120.0
1198,864691136211385020,296642,4P,752832.0,600512.0,866560.0
1199,864691135441799752,292685,23P,772608.0,475904.0,840840.0
1200,864691135952122147,610498,23P,1378816.0,461376.0,791520.0
1201,864691136521831825,560530,5P-IT,1298432.0,711744.0,769240.0
1202,864691135855890478,189149,23P,576320.0,479360.0,961880.0
1203,864691135082864887,524491,5P-IT,1214912.0,665728.0,694840.0
1204,864691135801604706,583961,4P,1347520.0,534464.0,815680.0
1205,864691135779297981,301220,5P-IT,750400.0,723776.0,880040.0
1206,864691136967869902,271699,6P-CT,714816.0,902464.0,886240.0
1207,864691135388828033,305200,6P-IT,746432.0,870144.0,912840.0
1208,864691135350542039,269591,5P-IT,689472.0,839744.0,904880.0
1209,864691135773776459,307129,6P-IT,760832.0,945408.0,926120.0
1210,864691135577135390,307004,6P-CT,754496.0,932672.0,881520.0
1211,864691135503836253,365720,4P,857792.0,664000.0,849000.0
1212,864691135277501669,296687,4P,771520.0,625536.0,873240.0
1213,864691136390474359,294545,23P,731904.0,542912.0,844640.0
1214,864691136380757461,301182,5P-IT,721472.0,737024.0,877680.0
1215,864691136022214648,362756,4P,903488.0,638144.0,711080.0
1216,864691135569902316,426435,4P,1006336.0,604288.0,965760.0
1217,864691135640929595,307144,6P-IT,779712.0,957312.0,918800.0
1218,864691135157619556,194703,4P,569088.0,676416.0,788560.0
1219,864691135124209447,307025,6P-IT,761408.0,907776.0,899880.0
1220,864691136453419007,294584,23P,759552.0,550144.0,847600.0
1221,864691136111478712,255121,23P,689024.0,428288.0,839680.0
1222,864691135587371132,258291,23P,684992.0,550848.0,859720.0
1223,864691135646481135,330839,4P,839232.0,620864.0,956040.0
1224,864691135698016410,426518,4P,988160.0,584384.0,982000.0
1225,864691136275894285,260617,4P,686912.0,639872.0,843520.0
1226,864691135779305405,309512,6P-IT,758016.0,1002944.0,967040.0
1227,864691136067382936,298661,4P,734208.0,679168.0,809640.0
1228,864691135750642473,305110,6P-IT,779456.0,864512.0,888200.0
1229,864691136335689907,363500,4P,871360.0,622464.0,844920.0
1230,864691135941708033,396638,4P,977472.0,650816.0,783440.0
1231,864691135866396798,425861,4P,996032.0,601152.0,786840.0
1232,864691136953677535,363864,4P,900224.0,627776.0,953440.0
1233,864691135339729126,330086,4P,823808.0,575936.0,774720.0
1234,864691135886130288,260697,23P,682624.0,583360.0,891240.0
1235,864691136813937267,292673,23P,757120.0,477504.0,814360.0
1236,864691135309290822,258361,23P,687424.0,551296.0,889560.0
1237,864691136913993713,260799,4P,669760.0,637376.0,913720.0
1238,864691135584008045,296401,4P,748224.0,590464.0,800920.0
1239,864691135405337326,296328,4P,762240.0,626880.0,765120.0
1240,864691136118370724,260802,4P,672384.0,609728.0,932720.0
1241,864691134887026938,263109,4P,674624.0,645376.0,947480.0
1242,864691135339729894,394838,4P,924224.0,630336.0,896160.0
1243,864691135867644805,298945,5P-IT,759424.0,704064.0,864800.0
1244,864691135809954845,298947,4P,761472.0,693696.0,869520.0
1245,864691135493079135,344443,6P-CT,801088.0,968704.0,939160.0
1246,864691135993767617,309273,6P-CT,770240.0,997696.0,919040.0
1247,864691135566657623,309557,6P-CT,777344.0,1014144.0,973720.0
1248,864691135164434989,276438,6P-CT,718592.0,1035072.0,943880.0
1249,864691136968094158,269502,6P-CT,704320.0,883712.0,886080.0
1250,864691136664680926,304975,6P-CT,750720.0,886208.0,848720.0
1251,864691135566649431,306982,6P-CT,747264.0,943424.0,887360.0
1252,864691136177129478,267261,5P-IT,680064.0,781440.0,884320.0
1253,864691135750649129,363488,4P,857984.0,620096.0,855960.0
1254,864691135212086720,346873,6P-CT,792896.0,1036160.0,952200.0
1255,864691135732038329,394472,4P,964992.0,618432.0,807560.0
1256,864691136372630152,344563,6P-IT,808256.0,1013184.0,979600.0
1257,864691136298624539,301003,5P-IT,761792.0,715968.0,840800.0
1258,864691135343499441,304988,6P-CT,768960.0,888000.0,849760.0
1259,864691136177127174,271577,5P-NP,716864.0,917760.0,861680.0
1260,864691136665051614,294493,23P,751680.0,528384.0,822560.0
1261,864691135280481697,301198,5P-IT,736640.0,733248.0,886640.0
1262,864691136390601335,344210,6P-IT,789248.0,969792.0,892640.0
1263,864691135409962953,258348,23P,674368.0,516608.0,888720.0
1264,864691135464928318,256466,23P,716416.0,478720.0,819040.0
1265,864691136336039091,296507,23P,731392.0,575680.0,823720.0
1266,864691136484972332,294822,23P,740160.0,539968.0,904600.0
1267,864691136026254649,296535,4P,753728.0,594944.0,821160.0
1268,864691135448256146,262863,4P,672576.0,652288.0,886240.0
1269,864691135504327861,258208,23P,676928.0,520832.0,821760.0
1270,864691135843236323,262774,4P,673024.0,679360.0,865840.0
1271,864691136381224149,256427,23P,677440.0,449344.0,814280.0
1272,864691136102330485,291112,23P,736448.0,440512.0,815880.0
1273,864691136604001745,256437,23P,686208.0,498112.0,822720.0
1274,864691135866947804,292659,23P,745536.0,478592.0,825240.0
1275,864691136814442867,291341,23P,764928.0,423552.0,897080.0
1276,864691136484948012,291221,23P,772224.0,391296.0,869440.0
1277,864691135976979567,291214,23P,770816.0,434112.0,871160.0
1278,864691136126503206,292889,23P,767552.0,449856.0,876120.0
1279,864691136364362466,258150,23P,706752.0,562560.0,811440.0
1280,864691135817949519,256468,23P,716352.0,478144.0,831240.0
1281,864691135277309669,256371,23P,713664.0,493376.0,806520.0
1282,864691134942169955,224406,23P,616064.0,561024.0,896400.0
1283,864691135928395278,262899,4P,688832.0,673088.0,895320.0
1284,864691135857993774,265135,5P-IT,708480.0,707456.0,914520.0
1285,864691135571192966,264580,5P-IT,672576.0,742976.0,810080.0
1286,864691135447653010,300956,5P-IT,742784.0,743936.0,823560.0
1287,864691135849699166,301083,5P-IT,726848.0,730944.0,864320.0
1288,864691135396485877,342334,6P-IT,792832.0,936128.0,952600.0
1289,864691135853088967,262670,4P,685824.0,685696.0,841720.0
1290,864691135295165196,262804,4P,693376.0,685888.0,844360.0
1291,864691135493624415,262636,4P,674944.0,670720.0,816880.0
1292,864691135124603687,262893,4P,688128.0,640704.0,888040.0
1293,864691136026155577,264924,5P-IT,708096.0,713152.0,860880.0
1294,864691135732557241,299079,4P,764160.0,683456.0,895000.0
1295,864691136239902780,296680,4P,769216.0,630784.0,847640.0
1296,864691136026198585,262868,4P,673600.0,683200.0,881560.0
1297,864691135490483514,262942,4P,704960.0,658432.0,901240.0
1298,864691135102381856,292856,23P,751872.0,497472.0,892240.0
1299,864691135850033758,258299,23P,691456.0,532096.0,870400.0
1300,864691136968542926,292643,23P,728896.0,503872.0,813840.0
1301,864691135405713902,296786,4P,762368.0,599040.0,885320.0
1302,864691135994226881,256595,23P,672704.0,445120.0,901480.0
1303,864691135493620831,292700,23P,720448.0,459712.0,860800.0
1304,864691136620914829,260739,4P,710336.0,608000.0,892680.0
1305,864691135717271834,294446,23P,722944.0,543360.0,817440.0
1306,864691135470787666,294548,23P,735744.0,525120.0,865000.0
1307,864691135464795710,291099,23P,724736.0,434112.0,816640.0
1308,864691135280944545,262772,4P,672640.0,702528.0,846080.0
1309,864691135336847849,256470,23P,716864.0,460544.0,818280.0
1310,864691136314404669,256435,23P,683008.0,468288.0,817960.0
1311,864691136137239691,292861,23P,756416.0,444800.0,874160.0
1312,864691136968529870,258317,23P,710784.0,557632.0,866400.0
1313,864691136196969548,256458,23P,707264.0,444480.0,812600.0
1314,864691135764932662,255289,23P,720192.0,433664.0,903760.0
1315,864691135351096279,264884,4P,675264.0,706624.0,858280.0
1316,864691135389168001,294481,23P,741824.0,538880.0,833080.0
1317,864691135520064650,294661,23P,733632.0,574016.0,878920.0
1318,864691135656578242,292837,23P,738688.0,470400.0,900560.0
1319,864691135214977920,262821,4P,709440.0,660288.0,865920.0
1320,864691136011684526,255125,23P,694848.0,440384.0,820040.0
1321,864691135784960307,256647,23P,707520.0,496960.0,903640.0
1322,864691136968585678,292858,23P,751744.0,473600.0,891560.0
1323,864691136596901026,260596,4P,676160.0,614976.0,844280.0
1324,864691135571515270,260559,4P,715968.0,607488.0,815240.0
1325,864691135954640675,292878,23P,763840.0,503552.0,899600.0
1326,864691136314448701,299157,4P,743296.0,675648.0,928560.0
1327,864691136925094628,298899,4P,734272.0,699456.0,866720.0
1328,864691135493149927,299038,4P,733248.0,700096.0,886400.0
1329,864691135843242211,299023,4P,727040.0,701504.0,893560.0
1330,864691135954680867,298941,4P,756352.0,682112.0,863720.0
1331,864691135478316200,298827,4P,768000.0,677824.0,813080.0
1332,864691135810492189,298938,4P,753344.0,677568.0,851120.0
1333,864691136485007404,298872,4P,728768.0,678336.0,850120.0
1334,864691135184104194,298958,4P,770560.0,676032.0,859720.0
1335,864691136438666398,262677,4P,689728.0,684032.0,819240.0
1336,864691135567059223,298946,4P,761472.0,676480.0,846000.0
1337,864691135955909640,263073,5P-IT,705920.0,705664.0,903960.0
1338,864691135741998484,265055,5P-IT,718656.0,719872.0,893800.0
1339,864691135405733870,301241,5P-IT,768896.0,708992.0,888520.0
1340,864691136927761226,299155,5P-IT,740096.0,705472.0,905160.0
1341,864691135920800688,301102,4P,747712.0,709248.0,857760.0
1342,864691135810466333,301096,4P,740160.0,717120.0,847360.0
1343,864691135015154934,300763,5P-IT,728192.0,712960.0,807440.0
1344,864691135977045871,264781,5P-IT,682752.0,710016.0,834560.0
1345,864691136381301461,262688,4P,696896.0,687424.0,829760.0
1346,864691135726881195,298811,4P,751808.0,675072.0,820680.0
1347,864691136814655859,298942,4P,755904.0,673984.0,863160.0
1348,864691136391027728,262910,4P,691840.0,693120.0,876200.0
1349,864691135757083346,298820,4P,759744.0,680448.0,834680.0
1350,864691135941975974,262707,4P,710464.0,679040.0,823520.0
1351,864691135478400936,299035,4P,732800.0,673536.0,897520.0
1352,864691135478429352,262780,4P,677440.0,668608.0,864240.0
1353,864691135741982868,298788,4P,731584.0,682112.0,832000.0
1354,864691135325071004,255156,23P,685632.0,418752.0,843880.0
1355,864691135773910603,199219,5P-IT,583360.0,784192.0,817000.0
1356,864691136093003700,301240,5P-IT,768320.0,760256.0,891880.0
1357,864691135294190518,294897,23P,721984.0,513856.0,960960.0
1358,864691135686283703,298929,4P,742976.0,657408.0,866080.0
1359,864691136275919117,516621,23P,1195520.0,437312.0,689680.0
1360,864691135852637127,307155,6P-IT,784768.0,929408.0,918560.0
1361,864691135811335116,305067,6P-IT,758464.0,885504.0,888560.0
1362,864691135587532924,399297,5P-IT,950336.0,732224.0,900760.0
1363,864691135490326074,292674,23P,757184.0,443904.0,826040.0
1364,864691135324963484,302955,5P-ET,731456.0,781760.0,832680.0
1365,864691136042982742,256443,23P,692416.0,454976.0,817440.0
1366,864691135885911920,294694,23P,756608.0,571200.0,892440.0
1367,864691136814180211,292826,23P,729600.0,468992.0,890000.0
1368,864691135875460494,305244,6P-CT,776128.0,885888.0,927800.0
1369,864691135732210873,294557,23P,739776.0,530176.0,852280.0
1370,864691135802341986,262687,4P,694784.0,667648.0,822800.0
1371,864691136579629844,301115,5P-IT,763392.0,730816.0,866600.0
1372,864691134966324767,260509,4P,675776.0,612224.0,836960.0
1373,864691135954393891,262958,4P,714432.0,699008.0,897880.0
1374,864691135616048587,365335,4P,890944.0,676480.0,758680.0
1375,864691135802215266,307001,6P-IT,754240.0,956864.0,899920.0
1376,864691135511486985,298873,4P,729344.0,678400.0,865320.0
1377,864691135274830353,264988,5P-IT,678592.0,717952.0,899040.0
1378,864691135701746978,299067,4P,748608.0,685184.0,893720.0
1379,864691135858298670,298912,4P,736960.0,702848.0,849320.0
1380,864691135717386266,260516,23P,685568.0,577472.0,830440.0
1381,864691135779716797,262814,4P,703296.0,665856.0,860960.0
1382,864691136484732972,296879,4P,738496.0,637632.0,929400.0
1383,864691135115049881,453705,23P,1054592.0,476928.0,763040.0
1384,864691135885921648,258388,23P,709248.0,560960.0,882480.0
1385,864691135920571056,262696,4P,704576.0,663424.0,832840.0
1386,864691135587519868,264928,5P-IT,708928.0,725056.0,856560.0
1387,864691135294187190,296806,4P,771520.0,612480.0,902000.0
1388,864691135866427006,267185,5P-IT,690624.0,771136.0,848840.0
1389,864691135760635214,269405,6P-CT,696448.0,889536.0,867280.0
1390,864691135566966807,256537,23P,702784.0,486976.0,847920.0
1391,864691136372759688,269733,5P-NP,719232.0,866688.0,934440.0
1392,864691136814271603,269422,5P-NP,715520.0,887680.0,856600.0
1393,864691136975624220,260689,4P,675008.0,628992.0,897640.0
1394,864691135659566210,260612,4P,687808.0,630272.0,865480.0
1395,864691136453183487,269633,6P-IT,719168.0,862656.0,914560.0
1396,864691136905758130,296800,4P,766912.0,631616.0,904320.0
1397,864691136927566154,263047,4P,695680.0,659072.0,908760.0
1398,864691136675427975,300958,5P-IT,743168.0,724224.0,830240.0
1399,864691135209947769,264987,5P-IT,678784.0,736000.0,888040.0
1400,864691135350717399,301121,5P-IT,766912.0,762880.0,874440.0
1401,864691136211175612,302983,5P-IT,754304.0,816576.0,835280.0
1402,864691135774368763,292575,23P,746112.0,507776.0,809920.0
1403,864691135779377341,296417,4P,758144.0,613248.0,796920.0
1404,864691135360809560,263131,4P,689024.0,646336.0,945640.0
1405,864691135496440208,258231,23P,704000.0,555584.0,818320.0
1406,864691135398892065,292737,23P,751552.0,498048.0,852000.0
1407,864691136275166398,292824,23P,725312.0,478016.0,892840.0
1408,864691135577574430,291120,23P,751744.0,429952.0,835520.0
1409,864691136118771108,301119,5P-IT,768192.0,722624.0,865560.0
1410,864691136011686318,258399,23P,713280.0,525056.0,882520.0
1411,864691136438496158,294375,23P,743744.0,533632.0,806280.0
1412,864691136421279639,292740,23P,751296.0,484160.0,873360.0
1413,864691134919972106,292667,23P,751360.0,456192.0,821760.0
1414,864691136177731846,291345,23P,767168.0,444032.0,895320.0
1415,864691135701629474,292838,23P,737664.0,450816.0,903640.0
1416,864691136138988157,307177,6P-CT,727744.0,926528.0,937800.0
1417,864691135928366606,256610,23P,683456.0,467328.0,886640.0
1418,864691135102353696,255221,23P,712192.0,416192.0,890040.0
1419,864691136137293195,291295,23P,723392.0,427136.0,899800.0
1420,864691135164887853,292637,23P,727168.0,505664.0,827280.0
1421,864691135325263004,294536,23P,722560.0,518080.0,848080.0
1422,864691135015652246,294547,23P,734912.0,516032.0,852160.0
1423,864691135567047191,256552,23P,715904.0,497728.0,853040.0
1424,864691135214986368,294605,23P,770816.0,573440.0,849720.0
1425,864691135577644574,292871,23P,762624.0,487360.0,897160.0
1426,864691135442606920,256472,23P,719360.0,456320.0,830000.0
1427,864691136381353685,258369,23P,693824.0,520832.0,885320.0
1428,864691136034011579,292713,23P,730368.0,490496.0,870720.0
1429,864691134919927050,304972,6P-IT,741248.0,864896.0,854120.0
1430,864691135942120449,271773,6P-IT,699520.0,921152.0,935400.0
1431,864691135014966262,264917,5P-IT,703104.0,736000.0,871640.0
1432,864691136381294805,300965,5P-IT,743232.0,756288.0,843520.0
1433,864691135977801539,394953,4P,920192.0,579392.0,917880.0
1434,864691135212492992,305096,6P-IT,768576.0,888192.0,897400.0
1435,864691135478268840,330852,4P,847936.0,592832.0,952200.0
1436,864691135573315053,305024,6P-CT,725824.0,856384.0,897160.0
1437,864691135778542509,298807,5P-IT,750208.0,699520.0,828400.0
1438,864691135656579010,300978,5P-IT,753792.0,755136.0,817800.0
1439,864691135765006134,260443,4P,701120.0,607616.0,799240.0
1440,864691135115269785,311757,6P-CT,736768.0,1035584.0,937360.0
1441,864691135751110185,260651,4P,720064.0,629248.0,847080.0
1442,864691136111402424,342109,6P-CT,791744.0,914752.0,888000.0
1443,864691135325309084,305355,6P-IT,763584.0,902272.0,953480.0
1444,864691136954028511,329901,4P,810880.0,626816.0,727000.0
1445,864691135866751870,300761,5P-IT,724288.0,762688.0,806760.0
1446,864691136177629702,292747,23P,763776.0,478912.0,855880.0
1447,864691135464671550,256531,23P,693440.0,453952.0,860920.0
1448,864691136111251896,292825,23P,725504.0,502720.0,900840.0
1449,864691136603811281,292711,23P,728320.0,449152.0,843800.0
1450,864691135493051879,294652,23P,729472.0,525952.0,895040.0
1451,864691135375745736,255213,23P,690560.0,411904.0,895160.0
1452,864691135977654851,300984,5P-IT,755840.0,707200.0,841960.0
1453,864691135447994514,292822,23P,723072.0,487872.0,885240.0
1454,864691135540272498,292734,23P,750272.0,452864.0,869280.0
1455,864691135465932357,258166,23P,714880.0,528768.0,810520.0
1456,864691135431591728,307113,6P-IT,747520.0,951296.0,910840.0
1457,864691135779629245,292829,23P,733312.0,461568.0,899200.0
1458,864691135702946683,309170,6P-CT,773376.0,982848.0,900680.0
1459,864691135698211994,296726,23P,723904.0,575552.0,886480.0
1460,864691135570135020,267180,5P-IT,685760.0,787904.0,851160.0
1461,864691135277186789,258209,23P,678912.0,550592.0,820880.0
1462,864691135742664043,258401,23P,716864.0,511168.0,892080.0
1463,864691135573191405,256512,23P,677888.0,463552.0,871520.0
1464,864691136138779517,256456,23P,704448.0,457344.0,830760.0
1465,864691135562798817,294657,23P,732416.0,535040.0,889920.0
1466,864691135362104647,300897,5P-ET,721344.0,758272.0,836840.0
1467,864691135520105354,260623,4P,701248.0,594176.0,843280.0
1468,864691135646778863,309251,6P-IT,748992.0,1000576.0,911480.0
1469,864691135717163802,256522,23P,688064.0,484672.0,856000.0
1470,864691136022520056,303137,5P-ET,732672.0,818304.0,877440.0
1471,864691135340055782,265054,5P-IT,718720.0,736448.0,889720.0
1472,864691135867984005,296517,4P,739456.0,612480.0,822440.0
1473,864691135994134977,298774,4P,723648.0,682944.0,832400.0
1474,864691135196385578,260643,4P,715264.0,589760.0,853600.0
1475,864691135994077377,306975,6P-CT,740544.0,953344.0,901440.0
1476,864691135387513685,260629,4P,703488.0,592448.0,872560.0
1477,864691135646775791,294549,23P,736192.0,538176.0,851640.0
1478,864691134919869706,330175,4P,792512.0,621568.0,792040.0
1479,864691136229186129,256544,23P,707392.0,473344.0,846720.0
1480,864691135210061689,309348,6P-CT,735232.0,1002112.0,944960.0
1481,864691135778954848,260552,4P,709632.0,631872.0,840080.0
1482,864691135499707667,296914,4P,758080.0,616576.0,911360.0
1483,864691135742756203,258363,23P,689216.0,556032.0,875760.0
1484,864691135592830731,333154,4P,803648.0,643328.0,891760.0
1485,864691135990701056,260556,4P,713664.0,626560.0,838720.0
1486,864691135727799359,262887,4P,684160.0,672384.0,901040.0
1487,864691136053465587,294502,23P,761728.0,556480.0,830400.0
1488,864691135764631862,294579,23P,756288.0,568064.0,853480.0
1489,864691136091532855,294489,23P,747392.0,520512.0,840480.0
1490,864691135102434592,294768,23P,771648.0,539520.0,884760.0
1491,864691136390788215,257894,23P,659840.0,553280.0,757720.0
1492,864691136620636045,294453,23P,725760.0,521728.0,827800.0
1493,864691135774053371,258375,23P,701312.0,511744.0,896000.0
1494,864691135939477508,256652,23P,712768.0,505280.0,884080.0
1495,864691135060727707,255219,23P,708928.0,430784.0,891680.0
1496,864691135448698196,299070,5P-IT,749376.0,701696.0,878640.0
1497,864691135343818161,292655,23P,743488.0,497280.0,818520.0
1498,864691135387535957,294670,23P,749568.0,560768.0,878160.0
1499,864691135866910428,307190,6P-CT,733440.0,947328.0,954360.0
1500,864691136118686884,296531,4P,748352.0,619648.0,835440.0
1501,864691135546902056,256761,23P,705216.0,498560.0,921800.0
1502,864691136177632518,304958,6P-IT,729536.0,887936.0,865200.0
1503,864691135518173395,262726,4P,719680.0,668416.0,836960.0
1504,864691135465955397,260649,4P,717824.0,598336.0,846480.0
1505,864691135294361782,258232,23P,705088.0,535168.0,819440.0
1506,864691135764583990,292676,23P,760384.0,485952.0,827480.0
1507,864691135511316745,256650,23P,713088.0,468864.0,889360.0
1508,864691137056393846,260548,4P,709440.0,602112.0,830120.0
1509,864691136138583677,256461,23P,709504.0,493632.0,830560.0
1510,864691135742609771,300982,5P-IT,757120.0,767680.0,833520.0
1511,864691135562780385,291304,23P,730432.0,440576.0,881160.0
1512,864691135060651419,256550,23P,713792.0,479872.0,856880.0
1513,864691135727790911,294570,23P,747776.0,567936.0,855960.0
1514,864691135867965317,300931,5P-IT,735168.0,716672.0,823560.0
1515,864691136118667428,292732,23P,749120.0,475392.0,870200.0
1516,864691136312150874,256620,23P,697472.0,480960.0,897080.0
1517,864691134966495519,258250,23P,719040.0,518976.0,820040.0
1518,864691135732318393,256530,23P,690496.0,447936.0,873320.0
1519,864691135325487004,296598,4P,721472.0,610688.0,852840.0
1520,864691135309628742,301029,5P-IT,768960.0,741760.0,839880.0
1521,864691136013367715,330066,4P,814976.0,599424.0,777480.0
1522,864691135431616048,267033,5P-ET,698368.0,826432.0,830720.0
1523,864691136953873631,264870,5P-IT,659328.0,711424.0,848320.0
1524,864691135215023416,298795,4P,735104.0,662016.0,841800.0
1525,864691136034181307,296602,4P,723328.0,621696.0,860880.0
1526,864691136145574196,256657,23P,714240.0,476928.0,884560.0
1527,864691135347633055,256615,23P,694848.0,505856.0,899120.0
1528,864691135886132080,262936,5P-IT,700224.0,702144.0,882960.0
1529,864691136034084795,258590,23P,702912.0,545984.0,954000.0
1530,864691135164772653,255217,23P,701120.0,428736.0,877600.0
1531,864691135280682401,296779,4P,754368.0,630400.0,877040.0
1532,864691135405626862,292842,23P,742208.0,470976.0,874800.0
1533,864691136664950750,291335,23P,758592.0,435264.0,875280.0
1534,864691135619756943,258322,23P,719360.0,531904.0,853680.0
1535,864691135210134905,294667,23P,744192.0,513344.0,901120.0
1536,864691135686442423,273958,6P-CT,712064.0,967744.0,931600.0
1537,864691135860969064,396772,4P,956992.0,661312.0,847600.0
1538,864691135695057855,262895,4P,684032.0,705280.0,886520.0
1539,864691136111294648,298824,4P,760512.0,670720.0,822600.0
1540,864691135750958889,296503,4P,727424.0,624384.0,839440.0
1541,864691136111294392,296665,4P,762752.0,631424.0,844640.0
1542,864691135387558997,256535,23P,699584.0,495552.0,853680.0
1543,864691135659857026,309416,6P-IT,776704.0,979136.0,952880.0
1544,864691135409859785,301236,5P-IT,764416.0,733248.0,884040.0
1545,864691135977666883,267194,5P-ET,701056.0,793024.0,871040.0
1546,864691135295103500,226662,4P,641664.0,617472.0,987320.0
1547,864691135258509487,296613,23P,730624.0,578048.0,847360.0
1548,864691135774179147,256444,23P,694400.0,491328.0,828760.0
1549,864691135686414775,517993,23P,1194624.0,506112.0,716200.0
1550,864691136108378073,296386,4P,735296.0,617024.0,810840.0
1551,864691135928151310,344423,6P-CT,787008.0,1001664.0,935880.0
1552,864691135695042751,269511,6P-IT,715264.0,842112.0,892880.0
1553,864691135102151968,294543,23P,728704.0,557632.0,871320.0
1554,864691136111478968,304974,6P-CT,748160.0,863936.0,844480.0
1555,864691136086630764,296315,4P,747328.0,597440.0,768440.0
1556,864691136299026971,256654,23P,713536.0,475712.0,875360.0
1557,864691135570301676,262813,4P,701760.0,684928.0,862280.0
1558,864691135689417440,301189,5P-IT,724928.0,725248.0,875000.0
1559,864691135409937097,291111,23P,735808.0,441792.0,837360.0
1560,864691136139027581,264900,5P-IT,691008.0,721536.0,855880.0
1561,864691136675875719,192139,4P,581888.0,604608.0,749800.0
1562,864691135584625773,260745,4P,714688.0,593024.0,893800.0
1563,864691135587758716,294465,23P,734336.0,544576.0,816880.0
1564,864691135662774512,260433,4P,700096.0,604160.0,809960.0
1565,864691135448130450,258229,23P,703552.0,542144.0,832240.0
1566,864691135214931072,262198,4P,657280.0,677760.0,759400.0
1567,864691135134945184,298122,4P,742144.0,655424.0,707840.0
1568,864691135015605910,294776,23P,775744.0,568832.0,887040.0
1569,864691135466283333,397167,4P,964928.0,661312.0,964760.0
1570,864691135977010031,262652,5P-IT,682560.0,697792.0,829880.0
1571,864691136091634487,258224,23P,695232.0,509952.0,838600.0
1572,864691135577617694,292682,23P,766592.0,491328.0,828920.0
1573,864691136041575422,296628,4P,742272.0,595648.0,850880.0
1574,864691135493546591,296739,4P,733440.0,600320.0,881880.0
1575,864691135779049568,307122,6P-IT,749568.0,944960.0,935720.0
1576,864691135858273326,228180,4P,596032.0,694272.0,861160.0
1577,864691135939925813,309267,6P-CT,762880.0,1010240.0,908960.0
1578,864691137199765313,264994,5P-IT,679680.0,730496.0,904840.0
1579,864691135504168285,298809,4P,750912.0,646080.0,837360.0
1580,864691135892176009,269251,5P-ET,712640.0,893376.0,808640.0
1581,864691135272069285,305198,5P-ET,746880.0,852864.0,926400.0
1582,864691136058745048,299068,4P,749120.0,650176.0,881680.0
1583,864691135384843738,300975,5P-IT,751616.0,711168.0,827280.0
1584,864691135741780116,258285,23P,680320.0,539392.0,850120.0
1585,864691136043508822,258241,23P,706880.0,525824.0,830840.0
1586,864691135570303724,262806,4P,692544.0,640128.0,873280.0
1587,864691135196576298,264888,5P-IT,679424.0,725312.0,856840.0
1588,864691135577749022,256606,23P,679872.0,473024.0,876760.0
1589,864691135732578745,328395,23P,796160.0,573504.0,885320.0
1590,864691136314473021,335092,5P-IT,811520.0,742784.0,780800.0
1591,864691135618505065,369392,5P-ET,858432.0,782912.0,732720.0
1592,864691135258563503,296578,4P,783552.0,630656.0,828840.0
1593,864691135102390816,302973,5P-IT,744704.0,781056.0,841200.0
1594,864691135431648048,262786,4P,683520.0,671808.0,848800.0
1595,864691134942468707,292833,23P,737856.0,488128.0,882280.0
1596,864691135573327085,296551,23P,766400.0,582912.0,827480.0
1597,864691135738969220,292646,23P,730112.0,469376.0,815160.0
1598,864691135886221168,153534,23P,517248.0,472384.0,891680.0
1599,864691134950156796,292684,23P,768128.0,448896.0,829840.0
1600,864691135955877896,292901,23P,771264.0,488384.0,887600.0
1601,864691136364308962,292647,23P,731008.0,451648.0,818120.0
1602,864691136579969300,256367,23P,707968.0,479168.0,806840.0
1603,864691135496381840,256597,23P,674304.0,485504.0,887280.0
1604,864691135210387321,256532,23P,693248.0,464832.0,872400.0
1605,864691135695146943,294546,23P,732288.0,541632.0,871280.0
1606,864691136118805668,267287,5P-IT,691904.0,818496.0,889960.0
1607,864691135886208112,294534,23P,720640.0,550656.0,866760.0
1608,864691136954019039,296618,4P,736256.0,593088.0,864720.0
1609,864691135325413788,299253,4P,731456.0,669888.0,961040.0
1610,864691136927732810,294378,23P,745280.0,560960.0,809640.0
1611,864691136914414321,294539,23P,724864.0,538496.0,850640.0
1612,864691135839950227,256449,23P,696960.0,455296.0,839680.0
1613,864691135124538151,266839,5P-ET,675968.0,815360.0,808440.0
1614,864691135325426076,307147,6P-IT,782976.0,942912.0,918440.0
1615,864691135994235841,264918,5P-IT,704256.0,751104.0,852880.0
1616,864691135954582563,305070,5P-ET,761408.0,870784.0,877640.0
1617,864691135215254584,228156,4P,650176.0,669824.0,825760.0
1618,864691135135019168,294535,23P,721280.0,552832.0,854320.0
1619,864691135853198023,269350,5P-ET,713856.0,852032.0,836320.0
1620,864691137199828801,230236,5P-IT,651392.0,738240.0,792360.0
1621,864691135942163201,267207,5P-IT,717824.0,771840.0,863120.0
1622,864691135741910164,267272,5P-IT,683456.0,818240.0,876000.0
1623,864691135774389755,267294,5P-ET,701504.0,814912.0,889560.0
1624,864691135739004292,307270,6P-CT,731968.0,947712.0,969880.0
1625,864691136034464443,265008,5P-IT,693632.0,730176.0,900080.0
1626,864691135102351392,262797,4P,687424.0,686720.0,872960.0
1627,864691135717275162,361200,4P,862400.0,570624.0,794800.0
1628,864691135656674242,265077,5P-IT,660288.0,762880.0,907960.0
1629,864691135861093992,292881,23P,765248.0,486144.0,875840.0
1630,864691135928376590,292736,23P,751552.0,486272.0,864120.0
1631,864691135164887085,256651,23P,712576.0,444672.0,900120.0
1632,864691136391024144,294561,23P,741888.0,523520.0,860840.0
1633,864691135577651230,256341,23P,703104.0,504192.0,797200.0
1634,864691134991010426,294449,23P,724096.0,535808.0,825720.0
1635,864691135756075981,264935,5P-ET,717888.0,751040.0,858720.0
1636,864691136108462553,260746,4P,715392.0,616448.0,879840.0
1637,864691134887444730,267008,5P-ET,676864.0,785664.0,832800.0
1638,864691135756148685,303032,5P-ET,724736.0,778240.0,844480.0
1639,864691135774294603,267299,5P-ET,705408.0,831424.0,897600.0
1640,864691136336179123,223029,23P,599552.0,485504.0,959120.0
1641,864691134887460346,394316,4P,958208.0,580736.0,768560.0
1642,864691135764946742,307077,6P-IT,726656.0,920320.0,921800.0
1643,864691135584629613,256423,23P,676160.0,476480.0,833560.0
1644,864691136314485053,303086,5P-NP,752704.0,771200.0,868760.0
1645,864691136196979020,303090,5P-IT,758080.0,775872.0,867360.0
1646,864691136331214058,294673,23P,751680.0,511296.0,881280.0
1647,864691134887444986,292832,23P,736832.0,456896.0,876560.0
1648,864691136373008520,258489,23P,712000.0,529728.0,914480.0
1649,864691136392785279,296509,4P,732224.0,597952.0,835760.0
1650,864691136086632812,292890,23P,768704.0,483776.0,894160.0
1651,864691135929072340,302968,5P-IT,738048.0,794112.0,840440.0
1652,864691135739587697,258316,23P,710720.0,565184.0,858560.0
1653,864691135448303762,256436,23P,685440.0,471488.0,826560.0
1654,864691135757092306,294444,23P,721536.0,570560.0,836640.0
1655,864691136288604355,256546,23P,707392.0,489472.0,866840.0
1656,864691136108410329,292719,23P,737856.0,485696.0,860800.0
1657,864691135480892614,264989,5P-IT,679040.0,710784.0,887640.0
1658,864691136043380566,292648,23P,730880.0,456512.0,829760.0
1659,864691135810473245,296612,4P,730368.0,602112.0,868880.0
1660,864691135779049056,267319,5P-ET,719104.0,795520.0,898000.0
1661,864691135492749415,291311,23P,737280.0,434496.0,898720.0
1662,864691136453384959,292899,23P,769280.0,506304.0,881160.0
1663,864691136524172689,256516,23P,684096.0,501888.0,871200.0
1664,864691135466236229,296731,4P,727360.0,637120.0,887280.0
1665,864691135351022807,255258,23P,685888.0,434880.0,905200.0
1666,864691134942472035,256465,23P,715584.0,500864.0,834560.0
1667,864691134991032954,262926,4P,695552.0,665216.0,884640.0
1668,864691136620797837,259950,4P,716096.0,632896.0,714680.0
1669,864691135741874836,291318,23P,740992.0,436992.0,882880.0
1670,864691136381325781,300902,5P-IT,726208.0,754048.0,816880.0
1671,864691135727961663,363583,4P,914304.0,608832.0,846800.0
1672,864691136954023903,188913,23P,535424.0,459584.0,897000.0
1673,864691136438529438,292664,23P,747648.0,501120.0,836760.0
1674,864691135309733190,286913,23P,727168.0,371008.0,885000.0
1675,864691136438585502,361263,23P,904704.0,514176.0,808440.0
1676,864691135732518585,292718,23P,736512.0,493632.0,864160.0
1677,864691135584646253,258403,23P,716480.0,555392.0,902800.0
1678,864691135309722950,291348,23P,771584.0,440832.0,886960.0
1679,864691136336107187,301106,5P-IT,757888.0,756096.0,865480.0
1680,864691135504315317,455492,4P,1070272.0,562944.0,766040.0
1681,864691135861182824,304992,6P-IT,771584.0,887616.0,868040.0
1682,864691136425681967,265037,5P-IT,712064.0,746176.0,898080.0
1683,864691136013554851,262549,4P,705728.0,696192.0,810400.0
1684,864691135274816017,260743,4P,709824.0,594368.0,903880.0
1685,864691136314457149,299075,5P-IT,758912.0,704512.0,881280.0
1686,864691136927688266,294562,23P,740928.0,556736.0,860360.0
1687,864691136381346005,298803,4P,744128.0,677248.0,817560.0
1688,864691135717457946,299091,4P,771136.0,677056.0,895200.0
1689,864691135717457178,299088,4P,769152.0,655808.0,882320.0
1690,864691135742097044,299076,4P,762048.0,656320.0,896800.0
1691,864691136229363025,298789,4P,731712.0,659648.0,829080.0
1692,864691135728030015,298714,4P,770304.0,659904.0,812240.0
1693,864691136453442303,299083,4P,765376.0,663040.0,875320.0
1694,864691136058895576,298951,4P,764352.0,673600.0,853960.0
1695,864691135295330828,298790,4P,733504.0,677824.0,817120.0
1696,864691135396940021,262937,4P,702336.0,671616.0,899680.0
1697,864691136968773070,298953,4P,765504.0,658624.0,868480.0
1698,864691135939949365,262932,4P,698368.0,673792.0,878960.0
1699,864691135547082280,230644,4P,597824.0,718336.0,919160.0
1700,864691135398925345,256440,23P,689536.0,481792.0,840000.0
1701,864691136314491965,258372,23P,697984.0,532544.0,900760.0
1702,864691135685620210,260713,4P,696512.0,621184.0,890480.0
1703,864691136524297617,296546,4P,760128.0,630592.0,832440.0
1704,864691135955962888,266848,5P-IT,683584.0,801216.0,809880.0
1705,864691135778572973,395167,4P,919616.0,592704.0,981840.0
1706,864691136331247338,294691,23P,755264.0,519360.0,878240.0
1707,864691135783308368,296785,4P,760384.0,595328.0,898680.0
1708,864691135703164283,299034,4P,731072.0,661312.0,899520.0
1709,864691136177778950,256548,23P,711040.0,457408.0,860400.0
1710,864691136010651052,291161,23P,737536.0,435584.0,870200.0
1711,864691135493686111,258301,23P,694528.0,535104.0,859080.0
1712,864691135504081986,255214,23P,695040.0,430976.0,883600.0
1713,864691134887552506,256536,23P,700736.0,449280.0,871160.0
1714,864691135465098653,307065,6P-CT,784192.0,955840.0,883200.0
1715,864691135474504498,262654,4P,682240.0,647680.0,817720.0
1716,864691135215381304,296519,4P,740544.0,616448.0,839120.0
1717,864691135562975969,256664,23P,715584.0,477824.0,895800.0
1718,864691136268801268,292577,23P,751168.0,445824.0,809560.0
1719,864691136011768494,262892,4P,685056.0,655424.0,875560.0
1720,864691135499964947,301100,5P-IT,746880.0,727040.0,868720.0
1721,864691135067961412,292820,23P,720384.0,455232.0,884720.0
1722,864691135137299481,262682,4P,691904.0,699456.0,838200.0
1723,864691136976001308,292714,23P,732736.0,460032.0,861880.0
1724,864691135060882843,264624,4P,696384.0,709952.0,807120.0
1725,864691135258642863,303048,5P-ET,739072.0,795584.0,869720.0
1726,864691135274860817,298895,4P,733120.0,654272.0,847360.0
1727,864691135587771772,299042,4P,736192.0,640064.0,884680.0
1728,864691136619693275,300817,5P-IT,749248.0,710528.0,809160.0
1729,864691136331249642,292727,23P,745088.0,477696.0,844000.0
1730,864691135751149353,258355,23P,677824.0,572672.0,882280.0
1731,864691135593133067,298814,4P,756160.0,659584.0,840680.0
1732,864691135577816862,298916,4P,738432.0,647232.0,872240.0
1733,864691136111556792,262935,4P,700352.0,671104.0,889600.0
1734,864691136421324951,298769,4P,719616.0,647360.0,815880.0
1735,864691135305643175,263078,4P,712896.0,653824.0,905280.0
1736,864691135886300016,262655,4P,683136.0,648768.0,827840.0
1737,864691135336954857,262823,4P,711424.0,652992.0,867120.0
1738,864691135465100189,262820,4P,708288.0,654848.0,846960.0
1739,864691134966710559,298913,4P,739072.0,668352.0,868600.0
1740,864691135060869787,262815,4P,705408.0,652480.0,853680.0
1741,864691135504203357,299084,4P,765120.0,671360.0,902320.0
1742,864691135811658700,267038,5P-ET,699264.0,807360.0,814560.0
1743,864691135102433056,262547,4P,705920.0,654336.0,805800.0
1744,864691135375888840,260628,4P,701312.0,640640.0,856640.0
1745,864691135357351375,299060,4P,744640.0,641856.0,875400.0
1746,864691134966714655,260303,4P,687040.0,638336.0,805760.0
1747,864691136118921124,296419,4P,759360.0,631808.0,807840.0
1748,864691136927801674,298805,4P,746560.0,642560.0,815720.0
1749,864691135165079085,262686,4P,693376.0,660224.0,815600.0
1750,864691136239980604,262810,4P,699264.0,647744.0,848840.0
1751,864691135765013302,260648,4P,717056.0,636928.0,861840.0
1752,864691136177799686,260533,4P,697088.0,636992.0,821600.0
1753,864691135196592938,298669,4P,741056.0,670784.0,805560.0
1754,864691135469845388,301246,5P-IT,772032.0,717312.0,881040.0
1755,864691135258646703,258295,23P,687552.0,528256.0,851920.0
1756,864691135743102827,294583,23P,759168.0,537088.0,849080.0
1757,864691135660029314,337175,5P-ET,820416.0,794624.0,736400.0
1758,864691136381347029,301144,5P-IT,777792.0,710464.0,846960.0
1759,864691136111559352,256304,23P,688128.0,482432.0,812360.0
1760,864691135480916422,296750,4P,740224.0,634880.0,903320.0
1761,864691135886314096,262886,4P,683392.0,654592.0,887280.0
